MM:DD:YYYY hh:mm:ss, Elapsed Time, Device, BatteryVoltage, PIRCount, PIRDuration, PIRCountChange, PIRDurationChange,
1/22/2025 10:38:18,0:1:0,3,3.81,7,21.70,7,21.70,
1/22/2025 10:39:19,0:2:1,3,3.82,19,57.45,12,35.75,
1/22/2025 10:40:19,0:3:1,3,3.81,29,88.44,10,30.99,
1/22/2025 10:41:19,0:4:1,3,3.82,40,121.61,11,33.17,
1/22/2025 10:42:19,0:5:1,3,3.82,51,155.77,11,34.16,
1/22/2025 10:43:19,0:6:1,3,3.82,61,186.86,10,31.10,
1/22/2025 10:44:19,0:7:1,3,3.82,72,221.04,11,34.18,
1/22/2025 10:45:19,0:8:1,3,3.82,81,249.07,9,28.03,
1/22/2025 10:46:19,0:9:1,3,3.81,90,277.11,9,28.04,
1/22/2025 10:47:19,0:10:1,3,3.82,100,308.24,10,31.13,
1/22/2025 10:48:19,0:11:1,3,3.82,110,339.49,10,31.26,
1/22/2025 10:49:19,0:12:1,3,3.82,119,367.69,9,28.19,
1/22/2025 10:50:19,0:13:1,3,3.81,130,402.14,11,34.45,
1/22/2025 10:51:19,0:14:1,3,3.82,138,427.32,8,25.18,
1/22/2025 10:52:19,0:15:1,3,3.82,148,458.57,10,31.25,
1/22/2025 10:53:19,0:16:1,3,3.81,159,491.53,11,32.96,
1/22/2025 10:54:20,0:17:2,3,3.82,170,525.91,11,34.38,
1/22/2025 10:55:20,0:18:2,3,3.81,177,547.86,7,21.95,
1/22/2025 10:56:20,0:19:2,3,3.81,184,569.68,7,21.82,
1/22/2025 10:57:20,0:20:2,3,3.82,194,599.62,10,29.94,
1/22/2025 10:58:20,0:21:2,3,3.82,198,612.09,4,12.47,
1/22/2025 10:59:20,0:22:2,3,3.82,202,624.58,4,12.48,
1/22/2025 11:00:20,0:23:2,3,3.82,210,649.82,8,25.24,
1/22/2025 11:01:20,0:24:2,3,3.81,218,674.81,8,24.99,
1/22/2025 11:02:21,0:25:3,3,3.81,228,706.07,10,31.26,
1/22/2025 11:03:21,0:26:3,3,3.80,234,724.79,6,18.72,
1/22/2025 11:04:21,0:27:3,3,3.81,237,734.16,3,9.37,
1/22/2025 11:05:21,0:28:3,3,3.82,242,749.76,5,15.60,
1/22/2025 11:06:21,0:29:3,3,3.81,252,780.99,10,31.23,
1/22/2025 11:07:22,0:30:4,3,3.82,262,810.93,10,29.94,
1/22/2025 11:08:22,0:31:4,3,3.81,271,838.99,9,28.06,
1/22/2025 11:09:21,0:32:4,3,3.82,282,873.50,11,34.51,
1/22/2025 11:10:21,0:33:4,3,3.82,291,901.57,9,28.07,
1/22/2025 11:11:22,0:34:4,3,3.82,299,925.18,8,23.61,
1/22/2025 11:12:21,0:35:4,3,3.81,308,953.34,9,28.15,
1/22/2025 11:13:21,0:36:4,3,3.82,319,986.30,11,32.96,
1/22/2025 11:14:22,0:37:4,3,3.82,328,1013.07,9,26.77,
1/22/2025 11:15:22,0:38:4,3,3.82,337,1041.15,9,28.08,
1/22/2025 11:16:22,0:39:4,3,3.81,347,1072.49,10,31.34,
1/22/2025 11:17:22,0:40:4,3,3.82,353,1091.21,6,18.72,
1/22/2025 11:18:22,0:41:4,3,3.82,354,1094.34,1,3.12,
1/22/2025 11:19:21,0:42:4,3,3.81,354,1094.34,0,0.00,
1/22/2025 11:20:22,0:43:4,3,3.82,365,1128.66,11,34.33,
1/22/2025 11:21:22,0:44:4,3,3.82,374,1156.79,9,28.13,
1/22/2025 11:22:22,0:45:4,3,3.80,376,1163.03,2,6.24,
1/22/2025 11:23:22,0:46:4,3,3.82,376,1163.03,0,0.00,
1/22/2025 11:24:21,0:47:4,3,3.81,376,1163.03,0,0.00,
1/22/2025 11:25:21,0:48:4,3,3.82,380,1175.64,4,12.61,
1/22/2025 11:26:22,0:49:4,3,3.81,383,1183.66,3,8.02,
1/22/2025 11:27:21,0:50:4,3,3.82,393,1215.12,10,31.45,
1/22/2025 11:28:21,0:51:4,3,3.80,396,1224.48,3,9.36,
1/22/2025 11:29:21,0:52:4,3,3.81,402,1243.21,6,18.73,
1/22/2025 11:30:23,0:53:5,3,3.81,403,1246.34,1,3.12,
1/22/2025 11:31:22,0:54:5,3,3.82,407,1258.82,4,12.49,
1/22/2025 11:32:22,0:55:5,3,3.81,413,1277.55,6,18.72,
1/22/2025 11:33:22,0:56:5,3,3.82,413,1277.55,0,0.00,
1/22/2025 11:34:23,0:57:5,3,3.82,413,1277.55,0,0.00,
1/22/2025 11:35:22,0:58:5,3,3.81,413,1277.55,0,0.00,
1/22/2025 11:36:22,0:59:5,3,3.82,413,1277.55,0,0.00,
1/22/2025 11:37:23,1:0:5,3,3.82,413,1277.55,0,0.00,
1/22/2025 11:38:23,1:1:5,3,3.82,413,1277.55,0,0.00,
1/22/2025 11:39:22,1:2:5,3,3.80,413,1277.55,0,0.00,
1/22/2025 11:40:23,1:3:5,3,3.82,413,1277.55,0,0.00,
1/22/2025 11:41:23,1:4:5,3,3.81,413,1277.55,0,0.00,
1/22/2025 11:42:23,1:5:5,3,3.82,416,1287.01,3,9.46,
1/22/2025 11:43:23,1:6:5,3,3.81,416,1287.01,0,0.00,
1/22/2025 11:44:22,1:7:5,3,3.80,416,1287.01,0,0.00,
1/22/2025 11:45:23,1:8:5,3,3.80,416,1287.01,0,0.00,
1/22/2025 11:46:23,1:9:5,3,3.82,416,1287.01,0,0.00,
1/22/2025 11:47:22,1:10:5,3,3.81,416,1287.01,0,0.00,
1/22/2025 11:48:23,1:11:5,3,3.81,417,1290.13,1,3.12,
1/22/2025 11:49:23,1:12:5,3,3.80,417,1290.13,0,0.00,
1/22/2025 11:50:23,1:13:5,3,3.80,418,1293.25,1,3.12,
1/22/2025 11:51:22,1:14:5,3,3.82,418,1293.25,0,0.00,
1/22/2025 11:52:22,1:15:5,3,3.80,421,1302.62,3,9.37,
1/22/2025 11:53:22,1:16:5,3,3.81,422,1305.74,1,3.12,
1/22/2025 11:54:23,1:17:5,3,3.80,422,1305.74,0,0.00,
1/22/2025 11:55:22,1:18:5,3,3.81,422,1305.74,0,0.00,
1/22/2025 11:56:22,1:19:5,3,3.82,422,1305.74,0,0.00,
1/22/2025 11:57:23,1:20:5,3,3.81,422,1305.74,0,0.00,
1/22/2025 11:58:22,1:21:5,3,3.82,425,1315.11,3,9.37,
1/22/2025 11:59:22,1:22:5,3,3.81,430,1330.72,5,15.61,
1/22/2025 12:00:22,1:23:5,3,3.82,430,1330.72,0,0.00,
1/22/2025 12:01:23,1:24:5,3,3.81,431,1333.85,1,3.12,
1/22/2025 12:02:23,1:25:6,3,3.81,441,1365.11,10,31.26,
1/22/2025 12:03:24,1:26:7,3,3.80,452,1399.50,11,34.39,
1/22/2025 12:04:24,1:27:7,3,3.81,458,1418.34,6,18.84,
1/22/2025 12:05:25,1:28:7,3,3.82,468,1449.55,10,31.21,
1/22/2025 12:06:24,1:29:7,3,3.80,479,1483.87,11,34.33,
1/22/2025 12:07:24,1:30:7,3,3.82,487,1508.84,8,24.97,
1/22/2025 12:08:24,1:31:7,3,3.81,498,1543.28,11,34.44,
1/22/2025 12:09:25,1:32:7,3,3.81,508,1574.49,10,31.20,
1/22/2025 12:10:24,1:33:7,3,3.81,516,1599.50,8,25.02,
1/22/2025 12:11:24,1:34:7,3,3.82,518,1605.74,2,6.24,
1/22/2025 12:12:25,1:35:7,3,3.82,525,1627.60,7,21.85,
1/22/2025 12:13:25,1:36:8,3,3.81,532,1649.44,7,21.85,
1/22/2025 12:14:25,1:37:8,3,3.80,543,1683.76,11,34.32,
1/22/2025 12:15:25,1:38:8,3,3.81,553,1714.96,10,31.20,
1/22/2025 12:16:25,1:39:8,3,3.81,563,1746.16,10,31.20,
1/22/2025 12:17:26,1:40:8,3,3.82,572,1774.24,9,28.08,
1/22/2025 12:18:25,1:41:8,3,3.80,579,1796.09,7,21.85,
1/22/2025 12:19:26,1:42:8,3,3.80,585,1814.81,6,18.72,
1/22/2025 12:20:25,1:43:8,3,3.80,593,1839.85,8,25.04,
1/22/2025 12:21:25,1:44:8,3,3.80,595,1846.09,2,6.24,
1/22/2025 12:22:25,1:45:8,3,3.82,599,1858.57,4,12.48,
1/22/2025 12:23:25,1:46:8,3,3.80,600,1861.69,1,3.12,
1/22/2025 12:24:26,1:47:8,3,3.81,600,1861.69,0,0.00,
1/22/2025 12:25:26,1:48:9,3,3.81,602,1867.94,2,6.24,
1/22/2025 12:26:26,1:49:9,3,3.82,608,1886.66,6,18.73,
1/22/2025 12:27:26,1:50:9,3,3.82,611,1896.02,3,9.36,
1/22/2025 12:28:26,1:51:9,3,3.81,613,1902.27,2,6.24,
1/22/2025 12:29:26,1:52:9,3,3.81,613,1902.27,0,0.00,
1/22/2025 12:30:26,1:53:9,3,3.81,613,1902.27,0,0.00,
1/22/2025 12:31:26,1:54:9,3,3.82,613,1902.27,0,0.00,
1/22/2025 12:32:26,1:55:9,3,3.81,613,1902.27,0,0.00,
1/22/2025 12:33:26,1:56:9,3,3.81,613,1902.27,0,0.00,
1/22/2025 12:34:26,1:57:9,3,3.82,613,1902.27,0,0.00,
1/22/2025 12:35:26,1:58:9,3,3.81,621,1927.33,8,25.06,
1/22/2025 12:36:26,1:59:9,3,3.81,631,1958.55,10,31.22,
1/22/2025 12:37:26,2:0:9,3,3.80,642,1991.78,11,33.23,
1/22/2025 12:38:26,2:1:9,3,3.81,652,2023.01,10,31.23,
1/22/2025 12:39:26,2:2:9,3,3.81,658,2041.73,6,18.72,
1/22/2025 12:40:26,2:3:9,3,3.80,664,2059.77,6,18.04,
1/22/2025 12:41:26,2:4:9,3,3.81,664,2059.77,0,0.00,
1/22/2025 12:42:26,2:5:9,3,3.80,665,2062.89,1,3.12,
1/22/2025 12:43:26,2:6:9,3,3.81,665,2062.89,0,0.00,
1/22/2025 12:44:26,2:7:9,3,3.80,665,2062.89,0,0.00,
1/22/2025 12:45:26,2:8:9,3,3.81,665,2062.89,0,0.00,
1/22/2025 12:46:26,2:9:9,3,3.82,666,2066.01,1,3.12,
1/22/2025 12:47:26,2:10:9,3,3.80,671,2081.63,5,15.62,
1/22/2025 12:48:26,2:11:9,3,3.80,671,2081.63,0,0.00,
1/22/2025 12:49:26,2:12:9,3,3.81,671,2081.63,0,0.00,
1/22/2025 12:50:26,2:13:9,3,3.81,671,2081.63,0,0.00,
1/22/2025 12:51:26,2:14:9,3,3.80,671,2081.63,0,0.00,
1/22/2025 12:52:26,2:15:9,3,3.81,671,2081.63,0,0.00,
1/22/2025 12:53:26,2:16:9,3,3.81,671,2081.63,0,0.00,
1/22/2025 12:54:26,2:17:9,3,3.81,671,2081.63,0,0.00,
1/22/2025 12:55:26,2:18:9,3,3.81,671,2081.63,0,0.00,
1/22/2025 12:56:26,2:19:9,3,3.81,671,2081.63,0,0.00,
1/22/2025 12:57:26,2:20:9,3,3.81,674,2091.00,3,9.37,
1/22/2025 12:58:26,2:21:9,3,3.82,674,2091.00,0,0.00,
1/22/2025 12:59:26,2:22:9,3,3.81,674,2091.00,0,0.00,
1/22/2025 13:00:26,2:23:9,3,3.80,674,2091.00,0,0.00,
1/22/2025 13:01:26,2:24:9,3,3.81,674,2091.00,0,0.00,
1/22/2025 13:02:26,2:25:9,3,3.81,674,2091.00,0,0.00,
1/22/2025 13:03:26,2:26:9,3,3.81,674,2091.00,0,0.00,
1/22/2025 13:04:26,2:27:9,3,3.80,674,2091.00,0,0.00,
1/22/2025 13:05:26,2:28:9,3,3.81,674,2091.00,0,0.00,
1/22/2025 13:06:26,2:29:9,3,3.81,674,2091.00,0,0.00,
1/22/2025 13:07:26,2:30:9,3,3.82,674,2091.00,0,0.00,
1/22/2025 13:08:26,2:31:9,3,3.81,674,2091.00,0,0.00,
1/22/2025 13:09:26,2:32:9,3,3.80,674,2091.00,0,0.00,
1/22/2025 13:10:26,2:33:9,3,3.81,677,2100.50,3,9.49,
1/22/2025 13:11:26,2:34:9,3,3.81,680,2109.87,3,9.37,
1/22/2025 13:12:26,2:35:9,3,3.81,684,2122.35,4,12.49,
1/22/2025 13:13:26,2:36:9,3,3.80,685,2125.48,1,3.12,
1/22/2025 13:14:26,2:37:9,3,3.82,689,2137.97,4,12.49,
1/22/2025 13:15:26,2:38:9,3,3.80,697,2162.94,8,24.98,
1/22/2025 13:16:26,2:39:9,3,3.80,708,2197.42,11,34.47,
1/22/2025 13:17:26,2:40:9,3,3.82,719,2231.06,11,33.64,
1/22/2025 13:18:26,2:41:9,3,3.81,730,2265.38,11,34.32,
1/22/2025 13:19:26,2:42:9,3,3.81,740,2296.58,10,31.20,
1/22/2025 13:20:26,2:43:9,3,3.80,750,2327.78,10,31.20,
1/22/2025 13:21:26,2:44:9,3,3.81,760,2359.07,10,31.29,
1/22/2025 13:22:26,2:45:9,3,3.80,770,2390.28,10,31.21,
1/22/2025 13:23:26,2:46:9,3,3.80,781,2424.60,11,34.32,
1/22/2025 13:24:26,2:47:9,3,3.82,791,2455.84,10,31.24,
1/22/2025 13:25:26,2:48:9,3,3.81,799,2480.95,8,25.11,
1/22/2025 13:26:26,2:49:9,3,3.80,809,2512.15,10,31.20,
1/22/2025 13:27:26,2:50:9,3,3.80,818,2540.18,9,28.04,
1/22/2025 13:28:26,2:51:9,3,3.80,829,2574.51,11,34.32,
1/22/2025 13:29:26,2:52:9,3,3.81,840,2608.85,11,34.35,
1/22/2025 13:30:26,2:53:9,3,3.80,851,2642.07,11,33.22,
1/22/2025 13:31:26,2:54:9,3,3.80,862,2676.39,11,34.32,
1/22/2025 13:32:27,2:55:10,3,3.80,874,2713.82,12,37.44,
1/22/2025 13:33:27,2:56:10,3,3.80,885,2748.15,11,34.32,
1/22/2025 13:34:27,2:57:10,3,3.80,896,2782.47,11,34.33,
1/22/2025 13:35:27,2:58:10,3,3.81,906,2813.67,10,31.20,
1/22/2025 13:36:27,2:59:10,3,3.80,916,2844.95,10,31.28,
1/22/2025 13:37:27,3:0:10,3,3.80,917,2848.07,1,3.12,
1/22/2025 13:38:27,3:1:10,3,3.81,917,2848.07,0,0.00,
1/22/2025 13:39:27,3:2:10,3,3.80,926,2876.28,9,28.20,
1/22/2025 13:40:26,3:3:10,3,3.80,936,2907.49,10,31.21,
1/22/2025 13:41:27,3:4:10,3,3.81,947,2941.81,11,34.32,
1/22/2025 13:42:27,3:5:10,3,3.81,956,2969.90,9,28.08,
1/22/2025 13:43:28,3:6:11,3,3.80,967,3004.22,11,34.33,
1/22/2025 13:44:28,3:7:11,3,3.80,977,3035.42,10,31.20,
1/22/2025 13:45:28,3:8:11,3,3.80,987,3066.62,10,31.20,
1/22/2025 13:46:28,3:9:11,3,3.80,998,3100.94,11,34.32,
1/22/2025 13:47:28,3:10:11,3,3.81,1009,3135.35,11,34.41,
1/22/2025 13:48:28,3:11:11,3,3.81,1013,3147.83,4,12.48,
1/22/2025 13:49:28,3:12:11,3,3.80,1022,3174.71,9,26.88,
1/22/2025 13:50:28,3:13:11,3,3.81,1033,3208.55,11,33.84,
1/22/2025 13:51:29,3:14:12,3,3.81,1045,3245.98,12,37.43,
1/22/2025 13:52:29,3:15:12,3,3.80,1051,3264.71,6,18.72,
1/22/2025 13:53:29,3:16:12,3,3.81,1053,3270.94,2,6.24,
1/22/2025 13:54:28,3:17:12,3,3.80,1060,3292.79,7,21.84,
1/22/2025 13:55:28,3:18:12,3,3.80,1065,3308.39,5,15.60,
1/22/2025 13:56:28,3:19:12,3,3.80,1073,3333.35,8,24.96,
1/22/2025 13:57:29,3:20:12,3,3.80,1081,3358.30,8,24.95,
1/22/2025 13:58:30,3:21:13,3,3.80,1091,3389.49,10,31.19,
1/22/2025 13:59:30,3:22:13,3,3.80,1093,3395.73,2,6.24,
1/22/2025 14:00:30,3:23:13,3,3.81,1098,3411.48,5,15.74,
1/22/2025 14:01:31,3:24:14,3,3.80,1101,3420.89,3,9.41,
1/22/2025 14:02:30,3:25:14,3,3.80,1106,3436.49,5,15.60,
1/22/2025 14:03:31,3:26:14,3,3.81,1111,3452.09,5,15.60,
1/22/2025 14:04:32,3:27:15,3,3.82,1118,3473.92,7,21.83,
1/22/2025 14:05:31,3:28:15,3,3.80,1125,3495.75,7,21.83,
1/22/2025 14:06:32,3:29:15,3,3.80,1128,3505.11,3,9.36,
1/22/2025 14:07:32,3:30:15,3,3.80,1133,3520.71,5,15.60,
1/22/2025 14:08:31,3:31:15,3,3.80,1135,3526.95,2,6.24,
1/22/2025 14:09:32,3:32:15,3,3.80,1137,3533.24,2,6.29,
1/22/2025 14:10:32,3:33:15,3,3.81,1137,3533.24,0,0.00,
1/22/2025 14:11:31,3:34:15,3,3.80,1141,3545.74,4,12.50,
1/22/2025 14:12:32,3:35:15,3,3.80,1151,3575.66,10,29.92,
1/22/2025 14:13:32,3:36:15,3,3.80,1154,3585.02,3,9.36,
1/22/2025 14:14:31,3:37:15,3,3.81,1154,3585.02,0,0.00,
1/22/2025 14:15:32,3:38:15,3,3.80,1154,3585.02,0,0.00,
1/22/2025 14:16:32,3:39:15,3,3.80,1154,3585.02,0,0.00,
1/22/2025 14:17:31,3:40:15,3,3.79,1154,3585.02,0,0.00,
1/22/2025 14:18:32,3:41:15,3,3.80,1154,3585.02,0,0.00,
1/22/2025 14:19:32,3:42:15,3,3.80,1154,3585.02,0,0.00,
1/22/2025 14:20:31,3:43:15,3,3.80,1154,3585.02,0,0.00,
1/22/2025 14:21:31,3:44:15,3,3.80,1154,3585.02,0,0.00,
1/22/2025 14:22:32,3:45:15,3,3.80,1154,3585.02,0,0.00,
1/22/2025 14:23:31,3:46:15,3,3.81,1154,3585.02,0,0.00,
1/22/2025 14:24:31,3:47:15,3,3.80,1154,3585.02,0,0.00,
1/22/2025 14:25:32,3:48:15,3,3.81,1154,3585.02,0,0.00,
1/22/2025 14:26:32,3:49:15,3,3.80,1154,3585.02,0,0.00,
1/22/2025 14:27:31,3:50:15,3,3.80,1154,3585.02,0,0.00,
1/22/2025 14:28:31,3:51:15,3,3.80,1154,3585.02,0,0.00,
1/22/2025 14:29:32,3:52:15,3,3.80,1154,3585.02,0,0.00,
1/22/2025 14:30:31,3:53:15,3,3.80,1155,3588.24,1,3.22,
1/22/2025 14:31:31,3:54:15,3,3.80,1158,3597.60,3,9.36,
1/22/2025 14:32:31,3:55:15,3,3.80,1158,3597.60,0,0.00,
1/22/2025 14:33:32,3:56:15,3,3.80,1158,3597.60,0,0.00,
1/22/2025 14:34:31,3:57:15,3,3.79,1158,3597.60,0,0.00,
1/22/2025 14:35:31,3:58:15,3,3.80,1158,3597.60,0,0.00,
1/22/2025 14:36:32,3:59:15,3,3.80,1158,3597.60,0,0.00,
1/22/2025 14:37:31,4:0:15,3,3.80,1158,3597.60,0,0.00,
1/22/2025 14:38:31,4:1:15,3,3.80,1158,3597.60,0,0.00,
1/22/2025 14:39:31,4:2:15,3,3.80,1158,3597.60,0,0.00,
1/22/2025 14:40:32,4:3:15,3,3.80,1160,3603.99,2,6.39,
1/22/2025 14:41:31,4:4:15,3,3.81,1169,3632.07,9,28.08,
1/22/2025 14:42:31,4:5:15,3,3.80,1171,3638.31,2,6.24,
1/22/2025 14:43:31,4:6:15,3,3.79,1171,3638.31,0,0.00,
1/22/2025 14:44:32,4:7:15,3,3.80,1171,3638.31,0,0.00,
1/22/2025 14:45:31,4:8:15,3,3.80,1172,3641.43,1,3.12,
1/22/2025 14:46:31,4:9:15,3,3.80,1172,3641.43,0,0.00,
1/22/2025 14:47:31,4:10:15,3,3.80,1172,3641.43,0,0.00,
1/22/2025 14:48:32,4:11:15,3,3.80,1174,3647.67,2,6.24,
1/22/2025 14:49:31,4:12:15,3,3.79,1175,3650.79,1,3.12,
1/22/2025 14:50:31,4:13:15,3,3.80,1178,3660.15,3,9.36,
1/22/2025 14:51:31,4:14:15,3,3.81,1184,3679.00,6,18.85,
1/22/2025 14:52:32,4:15:15,3,3.80,1191,3700.84,7,21.84,
1/22/2025 14:53:31,4:16:15,3,3.81,1194,3710.26,3,9.42,
1/22/2025 14:54:31,4:17:15,3,3.79,1202,3735.32,8,25.06,
1/22/2025 14:55:31,4:18:15,3,3.79,1212,3766.50,10,31.18,
1/22/2025 14:56:31,4:19:15,3,3.80,1216,3778.91,4,12.41,
1/22/2025 14:57:31,4:20:15,3,3.81,1218,3783.80,2,4.88,
1/22/2025 14:58:31,4:21:15,3,3.80,1220,3790.12,2,6.32,
1/22/2025 14:59:31,4:22:15,3,3.80,1229,3818.19,9,28.07,
1/22/2025 15:00:32,4:23:15,3,3.80,1239,3849.38,10,31.19,
1/22/2025 15:01:31,4:24:15,3,3.80,1249,3880.56,10,31.18,
1/22/2025 15:02:31,4:25:15,3,3.80,1260,3915.12,11,34.56,
1/22/2025 15:03:33,4:26:16,3,3.79,1272,3951.87,12,36.75,
1/22/2025 15:04:32,4:27:16,3,3.80,1282,3983.05,10,31.18,
1/22/2025 15:05:33,4:28:17,3,3.80,1292,4014.23,10,31.18,
1/22/2025 15:06:33,4:29:17,3,3.80,1301,4042.30,9,28.07,
1/22/2025 15:07:33,4:30:17,3,3.80,1311,4073.67,10,31.36,
1/22/2025 15:08:33,4:31:17,3,3.81,1321,4104.85,10,31.19,
1/22/2025 15:09:33,4:32:17,3,3.80,1332,4138.48,11,33.63,
1/22/2025 15:10:33,4:33:17,3,3.80,1343,4172.79,11,34.31,
1/22/2025 15:11:33,4:34:17,3,3.80,1353,4204.00,10,31.20,
1/22/2025 15:12:33,4:35:17,3,3.80,1364,4238.30,11,34.30,
1/22/2025 15:13:34,4:36:18,3,3.80,1374,4269.48,10,31.18,
1/22/2025 15:14:34,4:37:18,3,3.79,1379,4285.07,5,15.59,
1/22/2025 15:15:35,4:38:18,3,3.79,1385,4303.79,6,18.71,
1/22/2025 15:16:35,4:39:19,3,3.79,1396,4338.10,11,34.31,
1/22/2025 15:17:35,4:40:19,3,3.80,1396,4338.10,0,0.00,
1/22/2025 15:18:35,4:41:19,3,3.80,1397,4341.22,1,3.12,
1/22/2025 15:19:35,4:42:19,3,3.80,1405,4366.30,8,25.08,
1/22/2025 15:20:35,4:43:19,3,3.80,1416,4400.65,11,34.36,
1/22/2025 15:21:35,4:44:19,3,3.80,1426,4431.92,10,31.26,
1/22/2025 15:22:35,4:45:19,3,3.80,1432,4450.75,6,18.83,
1/22/2025 15:23:35,4:46:19,3,3.80,1437,4466.45,5,15.70,
1/22/2025 15:24:35,4:47:19,3,3.80,1437,4466.45,0,0.00,
1/22/2025 15:25:35,4:48:19,3,3.80,1444,4488.29,7,21.84,
1/22/2025 15:26:35,4:49:19,3,3.80,1454,4519.49,10,31.20,
1/22/2025 15:27:35,4:50:19,3,3.79,1463,4547.63,9,28.14,
1/22/2025 15:28:35,4:51:19,3,3.80,1470,4569.46,7,21.84,
1/22/2025 15:29:35,4:52:19,3,3.80,1472,4574.36,2,4.90,
1/22/2025 15:30:36,4:53:20,3,3.80,1479,4596.25,7,21.89,
1/22/2025 15:31:36,4:54:20,3,3.80,1488,4624.47,9,28.23,
1/22/2025 15:32:36,4:55:20,3,3.80,1499,4657.44,11,32.96,
1/22/2025 15:33:36,4:56:20,3,3.80,1509,4688.89,10,31.45,
1/22/2025 15:34:36,4:57:20,3,3.80,1518,4716.96,9,28.07,
1/22/2025 15:35:36,4:58:20,3,3.80,1523,4732.55,5,15.59,
1/22/2025 15:36:36,4:59:20,3,3.79,1523,4732.55,0,0.00,
1/22/2025 15:37:36,5:0:20,3,3.79,1531,4757.51,8,24.96,
1/22/2025 15:38:36,5:1:20,3,3.80,1542,4791.81,11,34.30,
1/22/2025 15:39:36,5:2:20,3,3.80,1553,4826.11,11,34.30,
1/22/2025 15:40:36,5:3:20,3,3.80,1562,4854.17,9,28.07,
1/22/2025 15:41:36,5:4:20,3,3.80,1573,4888.55,11,34.38,
1/22/2025 15:42:37,5:5:21,3,3.80,1584,4921.55,11,32.99,
1/22/2025 15:43:37,5:6:21,3,3.80,1593,4949.60,9,28.06,
1/22/2025 15:44:37,5:7:21,3,3.79,1604,4984.03,11,34.42,
1/22/2025 15:45:37,5:8:21,3,3.80,1612,5008.98,8,24.95,
1/22/2025 15:46:37,5:9:21,3,3.80,1621,5037.06,9,28.08,
1/22/2025 15:47:37,5:10:21,3,3.80,1632,5071.35,11,34.29,
1/22/2025 15:48:37,5:11:21,3,3.80,1634,5077.61,2,6.25,
1/22/2025 15:49:37,5:12:21,3,3.81,1641,5099.57,7,21.96,
1/22/2025 15:50:37,5:13:21,3,3.80,1653,5135.71,12,36.14,
1/22/2025 15:51:37,5:14:21,3,3.80,1662,5163.81,9,28.10,
1/22/2025 15:52:37,5:15:21,3,3.80,1672,5195.12,10,31.31,
1/22/2025 15:53:37,5:16:21,3,3.80,1681,5223.21,9,28.08,
1/22/2025 15:54:37,5:17:21,3,3.80,1688,5245.08,7,21.87,
1/22/2025 15:55:37,5:18:21,3,3.80,1696,5270.04,8,24.96,
1/22/2025 15:56:37,5:19:21,3,3.80,1706,5301.31,10,31.27,
1/22/2025 15:57:37,5:20:21,3,3.80,1717,5335.62,11,34.31,
1/22/2025 15:58:37,5:21:21,3,3.80,1724,5357.46,7,21.84,
1/22/2025 15:59:37,5:22:21,3,3.80,1730,5376.22,6,18.76,
1/22/2025 16:00:37,5:23:21,3,3.80,1740,5407.46,10,31.24,
1/22/2025 16:01:37,5:24:21,3,3.80,1741,5410.58,1,3.12,
1/22/2025 16:02:37,5:25:21,3,3.80,1743,5416.82,2,6.24,
1/22/2025 16:03:37,5:26:21,3,3.80,1743,5416.82,0,0.00,
1/22/2025 16:04:37,5:27:21,3,3.80,1743,5416.82,0,0.00,
1/22/2025 16:05:37,5:28:21,3,3.80,1747,5429.30,4,12.48,
1/22/2025 16:06:37,5:29:21,3,3.80,1753,5448.15,6,18.85,
1/22/2025 16:07:37,5:30:21,3,3.80,1753,5448.15,0,0.00,
1/22/2025 16:08:37,5:31:21,3,3.80,1759,5466.87,6,18.72,
1/22/2025 16:09:37,5:32:21,3,3.80,1767,5491.82,8,24.95,
1/22/2025 16:10:37,5:33:21,3,3.80,1776,5520.00,9,28.18,
1/22/2025 16:11:37,5:34:21,3,3.79,1778,5526.23,2,6.23,
1/22/2025 16:12:37,5:35:21,3,3.80,1783,5541.83,5,15.60,
1/22/2025 16:13:37,5:36:21,3,3.80,1791,5566.79,8,24.95,
1/22/2025 16:14:38,5:37:22,3,3.80,1799,5591.84,8,25.05,
1/22/2025 16:15:37,5:38:22,3,3.79,1805,5610.70,6,18.86,
1/22/2025 16:16:38,5:39:22,3,3.78,1805,5610.70,0,0.00,
1/22/2025 16:17:38,5:40:22,3,3.80,1809,5623.18,4,12.48,
1/22/2025 16:18:38,5:41:22,3,3.79,1817,5648.14,8,24.96,
1/22/2025 16:19:38,5:42:23,3,3.80,1823,5666.85,6,18.71,
1/22/2025 16:20:39,5:43:23,3,3.80,1830,5688.68,7,21.83,
1/22/2025 16:21:39,5:44:23,3,3.79,1834,5701.15,4,12.47,
1/22/2025 16:22:39,5:45:23,3,3.79,1841,5722.98,7,21.83,
1/22/2025 16:23:38,5:46:23,3,3.78,1843,5729.22,2,6.24,
1/22/2025 16:24:39,5:47:23,3,3.80,1843,5729.22,0,0.00,
1/22/2025 16:25:39,5:48:23,3,3.79,1843,5729.22,0,0.00,
1/22/2025 16:26:39,5:49:23,3,3.80,1843,5729.22,0,0.00,
1/22/2025 16:27:39,5:50:23,3,3.79,1843,5729.22,0,0.00,
1/22/2025 16:28:39,5:51:23,3,3.79,1843,5729.22,0,0.00,
1/22/2025 16:29:39,5:52:23,3,3.80,1843,5729.22,0,0.00,
1/22/2025 16:30:38,5:53:23,3,3.79,1843,5729.22,0,0.00,
1/22/2025 16:31:39,5:54:23,3,3.80,1843,5729.22,0,0.00,
1/22/2025 16:32:39,5:55:23,3,3.80,1843,5729.22,0,0.00,
1/22/2025 16:33:38,5:56:23,3,3.79,1843,5729.22,0,0.00,
1/22/2025 16:34:39,5:57:23,3,3.79,1843,5729.22,0,0.00,
1/22/2025 16:35:39,5:58:23,3,3.80,1843,5729.22,0,0.00,
1/22/2025 16:36:38,5:59:23,3,3.80,1843,5729.22,0,0.00,
1/22/2025 16:37:38,6:0:23,3,3.79,1843,5729.22,0,0.00,
1/22/2025 16:38:39,6:1:23,3,3.79,1844,5732.34,1,3.12,
1/22/2025 16:39:39,6:2:23,3,3.80,1844,5732.34,0,0.00,
1/22/2025 16:40:38,6:3:23,3,3.79,1844,5732.34,0,0.00,
1/22/2025 16:41:39,6:4:23,3,3.79,1844,5732.34,0,0.00,
1/22/2025 16:42:39,6:5:23,3,3.81,1844,5732.34,0,0.00,
1/22/2025 16:43:38,6:6:23,3,3.79,1844,5732.34,0,0.00,
1/22/2025 16:44:38,6:7:23,3,3.80,1844,5732.34,0,0.00,
1/22/2025 16:45:39,6:8:23,3,3.80,1844,5732.34,0,0.00,
1/22/2025 16:46:38,6:9:23,3,3.80,1846,5738.58,2,6.24,
1/22/2025 16:47:39,6:10:23,3,3.80,1846,5738.58,0,0.00,
1/22/2025 16:48:39,6:11:23,3,3.79,1846,5738.58,0,0.00,
1/22/2025 16:49:38,6:12:23,3,3.80,1846,5738.58,0,0.00,
1/22/2025 16:50:39,6:13:23,3,3.79,1846,5738.58,0,0.00,
1/22/2025 16:51:39,6:14:23,3,3.80,1846,5738.58,0,0.00,
1/22/2025 16:52:38,6:15:23,3,3.79,1846,5738.58,0,0.00,
1/22/2025 16:53:38,6:16:23,3,3.79,1847,5741.70,1,3.12,
1/22/2025 16:54:38,6:17:23,3,3.80,1847,5741.70,0,0.00,
1/22/2025 16:55:38,6:18:23,3,3.80,1849,5747.94,2,6.24,
1/22/2025 16:56:39,6:19:23,3,3.79,1851,5754.18,2,6.24,
1/22/2025 16:57:38,6:20:23,3,3.78,1853,5760.43,2,6.24,
1/22/2025 16:58:39,6:21:23,3,3.79,1853,5760.43,0,0.00,
1/22/2025 16:59:38,6:22:23,3,3.79,1853,5760.43,0,0.00,
1/22/2025 17:00:39,6:23:23,3,3.80,1855,5766.67,2,6.24,
1/22/2025 17:01:39,6:24:23,3,3.79,1857,5772.92,2,6.24,
1/22/2025 17:02:38,6:25:23,3,3.80,1857,5772.92,0,0.00,
1/22/2025 17:03:38,6:26:23,3,3.78,1857,5772.92,0,0.00,
1/22/2025 17:04:39,6:27:23,3,3.78,1857,5772.92,0,0.00,
1/22/2025 17:05:38,6:28:23,3,3.79,1857,5772.92,0,0.00,
1/22/2025 17:06:38,6:29:23,3,3.79,1857,5772.92,0,0.00,
1/22/2025 17:07:39,6:30:23,3,3.79,1857,5772.92,0,0.00,
1/22/2025 17:08:38,6:31:23,3,3.80,1857,5772.92,0,0.00,
1/22/2025 17:09:38,6:32:23,3,3.78,1857,5772.92,0,0.00,
1/22/2025 17:10:39,6:33:23,3,3.80,1857,5772.92,0,0.00,
1/22/2025 17:11:39,6:34:23,3,3.79,1859,5779.28,2,6.36,
1/22/2025 17:12:38,6:35:23,3,3.78,1859,5779.28,0,0.00,
1/22/2025 17:13:38,6:36:23,3,3.79,1859,5779.28,0,0.00,
1/22/2025 17:14:38,6:37:23,3,3.78,1859,5779.28,0,0.00,
1/22/2025 17:15:38,6:38:23,3,3.80,1859,5779.28,0,0.00,
1/22/2025 17:16:38,6:39:23,3,3.80,1859,5779.28,0,0.00,
1/22/2025 17:17:38,6:40:23,3,3.79,1859,5779.28,0,0.00,
1/22/2025 17:18:38,6:41:23,3,3.79,1860,5782.40,1,3.12,
1/22/2025 17:19:38,6:42:23,3,3.79,1860,5782.40,0,0.00,
1/22/2025 17:20:39,6:43:23,3,3.79,1861,5785.52,1,3.12,
1/22/2025 17:21:38,6:44:23,3,3.80,1863,5791.77,2,6.24,
1/22/2025 17:22:38,6:45:23,3,3.78,1863,5791.77,0,0.00,
1/22/2025 17:23:38,6:46:23,3,3.79,1866,5801.13,3,9.37,
1/22/2025 17:24:38,6:47:23,3,3.80,1868,5807.37,2,6.24,
1/22/2025 17:25:38,6:48:23,3,3.79,1868,5807.37,0,0.00,
1/22/2025 17:26:38,6:49:23,3,3.79,1868,5807.37,0,0.00,
1/22/2025 17:27:38,6:50:23,3,3.78,1872,5819.93,4,12.55,
1/22/2025 17:28:39,6:51:23,3,3.78,1873,5823.05,1,3.12,
1/22/2025 17:29:38,6:52:23,3,3.79,1873,5823.05,0,0.00,
1/22/2025 17:30:38,6:53:23,3,3.79,1873,5823.05,0,0.00,
1/22/2025 17:31:38,6:54:23,3,3.80,1873,5823.05,0,0.00,
1/22/2025 17:32:38,6:55:23,3,3.80,1873,5823.05,0,0.00,
1/22/2025 17:33:38,6:56:23,3,3.79,1873,5823.05,0,0.00,
1/22/2025 17:34:38,6:57:23,3,3.78,1873,5823.05,0,0.00,
1/22/2025 17:35:38,6:58:23,3,3.78,1873,5823.05,0,0.00,
1/22/2025 17:36:38,6:59:23,3,3.80,1876,5832.42,3,9.37,
1/22/2025 17:37:38,7:0:23,3,3.80,1885,5859.17,9,26.76,
1/22/2025 17:38:38,7:1:23,3,3.80,1886,5862.29,1,3.12,
1/22/2025 17:39:39,7:2:24,3,3.80,1893,5884.14,7,21.85,
1/22/2025 17:40:39,7:3:24,3,3.80,1898,5899.77,5,15.62,
1/22/2025 17:41:39,7:4:24,3,3.80,1906,5924.84,8,25.08,
1/22/2025 17:42:39,7:5:24,3,3.78,1913,5946.76,7,21.92,
1/22/2025 17:43:39,7:6:24,3,3.79,1922,5974.91,9,28.15,
1/22/2025 17:44:39,7:7:24,3,3.79,1928,5993.67,6,18.76,
1/22/2025 17:45:39,7:8:24,3,3.79,1933,6009.27,5,15.60,
1/22/2025 17:46:39,7:9:24,3,3.79,1942,6037.46,9,28.19,
1/22/2025 17:47:39,7:10:24,3,3.80,1947,6053.17,5,15.71,
1/22/2025 17:48:39,7:11:24,3,3.80,1958,6087.49,11,34.32,
1/22/2025 17:49:39,7:12:24,3,3.79,1963,6103.24,5,15.75,
1/22/2025 17:50:39,7:13:24,3,3.78,1972,6131.52,9,28.28,
1/22/2025 17:51:39,7:14:24,3,3.79,1978,6150.30,6,18.78,
1/22/2025 17:52:39,7:15:24,3,3.80,1987,6178.59,9,28.29,
1/22/2025 17:53:39,7:16:24,3,3.78,1996,6206.67,9,28.08,
1/22/2025 17:54:39,7:17:24,3,3.80,2005,6234.77,9,28.11,
1/22/2025 17:55:39,7:18:24,3,3.78,2014,6262.85,9,28.08,
1/22/2025 17:56:39,7:19:24,3,3.79,2024,6294.05,10,31.19,
1/22/2025 17:57:39,7:20:24,3,3.79,2034,6325.29,10,31.24,
1/22/2025 17:58:39,7:21:24,3,3.80,2042,6350.24,8,24.95,
1/22/2025 17:59:39,7:22:24,3,3.80,2053,6383.21,11,32.97,
1/22/2025 18:00:39,7:23:24,3,3.79,2063,6414.45,10,31.24,
1/22/2025 18:01:40,7:24:24,3,3.80,2073,6445.79,10,31.33,
1/22/2025 18:02:39,7:25:24,3,3.79,2083,6476.98,10,31.19,
1/22/2025 18:03:39,7:26:24,3,3.80,2089,6495.78,6,18.81,
1/22/2025 18:04:39,7:27:24,3,3.79,2100,6530.15,11,34.36,
1/22/2025 18:05:39,7:28:24,3,3.79,2111,6564.59,11,34.44,
1/22/2025 18:06:39,7:29:24,3,3.78,2118,6586.44,7,21.85,
1/22/2025 18:07:39,7:30:24,3,3.78,2128,6617.70,10,31.27,
1/22/2025 18:08:39,7:31:24,3,3.80,2132,6630.19,4,12.48,
1/22/2025 18:09:39,7:32:24,3,3.80,2140,6655.17,8,24.98,
1/22/2025 18:10:39,7:33:24,3,3.78,2149,6681.91,9,26.75,
1/22/2025 18:11:39,7:34:24,3,3.79,2156,6703.76,7,21.85,
1/22/2025 18:12:40,7:35:25,3,3.80,2164,6728.93,8,25.17,
1/22/2025 18:13:41,7:36:26,3,3.78,2172,6754.06,8,25.12,
1/22/2025 18:14:41,7:37:26,3,3.79,2182,6785.31,10,31.25,
1/22/2025 18:15:42,7:38:27,3,3.78,2189,6807.17,7,21.86,
1/22/2025 18:16:42,7:39:27,3,3.78,2199,6838.37,10,31.20,
1/22/2025 18:17:42,7:40:27,3,3.79,2206,6860.25,7,21.87,
1/22/2025 18:18:42,7:41:27,3,3.79,2214,6885.34,8,25.10,
1/22/2025 18:19:42,7:42:27,3,3.79,2225,6919.83,11,34.49,
1/22/2025 18:20:42,7:43:27,3,3.79,2236,6954.25,11,34.42,
1/22/2025 18:21:42,7:44:27,3,3.79,2248,6991.69,12,37.44,
1/22/2025 18:22:42,7:45:27,3,3.78,2258,7023.01,10,31.32,
1/22/2025 18:23:42,7:46:27,3,3.79,2267,7051.09,9,28.08,
1/22/2025 18:24:42,7:47:27,3,3.79,2269,7057.34,2,6.24,
1/22/2025 18:25:42,7:48:27,3,3.78,2280,7091.65,11,34.32,
1/22/2025 18:26:42,7:49:27,3,3.78,2291,7125.98,11,34.33,
1/22/2025 18:27:42,7:50:27,3,3.78,2300,7154.06,9,28.08,
1/22/2025 18:28:42,7:51:27,3,3.78,2309,7182.14,9,28.08,
1/22/2025 18:29:43,7:52:28,3,3.79,2318,7210.21,9,28.07,
1/22/2025 18:30:43,7:53:28,3,3.79,2325,7232.06,7,21.84,
1/22/2025 18:31:43,7:54:28,3,3.78,2336,7265.10,11,33.04,
1/22/2025 18:32:43,7:55:28,3,3.78,2343,7287.00,7,21.90,
1/22/2025 18:33:43,7:56:28,3,3.79,2352,7315.07,9,28.07,
1/22/2025 18:34:44,7:57:29,3,3.79,2358,7333.80,6,18.73,
1/22/2025 18:35:44,7:58:29,3,3.78,2361,7343.16,3,9.36,
1/22/2025 18:36:44,7:59:29,3,3.80,2365,7355.70,4,12.53,
1/22/2025 18:37:44,8:0:29,3,3.78,2371,7374.42,6,18.72,
1/22/2025 18:38:44,8:1:29,3,3.79,2382,7408.83,11,34.41,
1/22/2025 18:39:44,8:2:29,3,3.80,2390,7433.78,8,24.95,
1/22/2025 18:40:44,8:3:29,3,3.79,2393,7443.14,3,9.36,
1/22/2025 18:41:45,8:4:30,3,3.78,2397,7455.62,4,12.49,
1/22/2025 18:42:45,8:5:30,3,3.78,2406,7483.78,9,28.16,
1/22/2025 18:43:45,8:6:30,3,3.79,2416,7515.05,10,31.27,
1/22/2025 18:44:45,8:7:30,3,3.78,2425,7543.11,9,28.06,
1/22/2025 18:45:45,8:8:30,3,3.79,2433,7568.06,8,24.95,
1/22/2025 18:46:45,8:9:30,3,3.79,2443,7598.00,10,29.94,
1/22/2025 18:47:45,8:10:30,3,3.78,2444,7601.12,1,3.12,
1/22/2025 18:48:45,8:11:30,3,3.78,2451,7622.96,7,21.84,
1/22/2025 18:49:45,8:12:30,3,3.79,2460,7650.97,9,28.02,
1/22/2025 18:50:45,8:13:30,3,3.78,2470,7682.31,10,31.34,
1/22/2025 18:51:45,8:14:30,3,3.78,2477,7704.14,7,21.83,
1/22/2025 18:52:45,8:15:30,3,3.80,2485,7729.10,8,24.96,
1/22/2025 18:53:45,8:16:30,3,3.78,2496,7763.42,11,34.32,
1/22/2025 18:54:45,8:17:30,3,3.78,2505,7791.48,9,28.06,
1/22/2025 18:55:45,8:18:30,3,3.78,2514,7819.60,9,28.12,
1/22/2025 18:56:44,8:19:30,3,3.78,2525,7853.89,11,34.29,
1/22/2025 18:57:45,8:20:30,3,3.80,2536,7888.27,11,34.38,
1/22/2025 18:58:45,8:21:30,3,3.78,2547,7922.76,11,34.49,
1/22/2025 18:59:45,8:22:30,3,3.79,2556,7950.84,9,28.09,
1/22/2025 19:00:45,8:23:30,3,3.80,2567,7985.13,11,34.29,
1/22/2025 19:01:45,8:24:30,3,3.78,2572,8000.72,5,15.59,
1/22/2025 19:02:45,8:25:30,3,3.78,2577,8016.41,5,15.69,
1/22/2025 19:03:45,8:26:30,3,3.79,2587,8047.74,10,31.33,
1/22/2025 19:04:45,8:27:30,3,3.79,2597,8079.08,10,31.34,
1/22/2025 19:05:44,8:28:30,3,3.78,2605,8104.17,8,25.09,
1/22/2025 19:06:44,8:29:30,3,3.78,2613,8127.91,8,23.74,
1/22/2025 19:07:46,8:30:31,3,3.78,2621,8153.01,8,25.10,
1/22/2025 19:08:46,8:31:31,3,3.79,2628,8174.99,7,21.99,
1/22/2025 19:09:46,8:32:31,3,3.80,2637,8203.26,9,28.26,
1/22/2025 19:10:46,8:33:31,3,3.79,2647,8234.50,10,31.25,
1/22/2025 19:11:46,8:34:31,3,3.79,2653,8253.37,6,18.87,
1/22/2025 19:12:45,8:35:31,3,3.78,2659,8272.23,6,18.86,
1/22/2025 19:13:46,8:36:31,3,3.78,2666,8294.10,7,21.87,
1/22/2025 19:14:46,8:37:31,3,3.78,2675,8322.08,9,27.98,
1/22/2025 19:15:46,8:38:31,3,3.78,2679,8334.56,4,12.48,
1/22/2025 19:16:45,8:39:31,3,3.79,2690,8368.87,11,34.30,
1/22/2025 19:17:45,8:40:31,3,3.77,2692,8375.10,2,6.23,
1/22/2025 19:18:46,8:41:31,3,3.79,2693,8378.22,1,3.12,
1/22/2025 19:19:46,8:42:31,3,3.79,2694,8381.34,1,3.12,
1/22/2025 19:20:46,8:43:31,3,3.78,2694,8381.34,0,0.00,
1/22/2025 19:21:45,8:44:31,3,3.78,2696,8387.60,2,6.26,
1/22/2025 19:22:46,8:45:31,3,3.78,2699,8396.99,3,9.38,
1/22/2025 19:23:46,8:46:32,3,3.78,2704,8412.59,5,15.60,
1/22/2025 19:24:46,8:47:32,3,3.79,2710,8431.33,6,18.74,
1/22/2025 19:25:46,8:48:32,3,3.78,2719,8459.47,9,28.14,
1/22/2025 19:26:46,8:49:32,3,3.78,2729,8490.65,10,31.19,
1/22/2025 19:27:46,8:50:32,3,3.78,2739,8521.98,10,31.33,
1/22/2025 19:28:46,8:51:32,3,3.78,2749,8553.17,10,31.19,
1/22/2025 19:29:47,8:52:32,3,3.79,2756,8575.10,7,21.93,
1/22/2025 19:30:47,8:53:32,3,3.78,2757,8578.22,1,3.12,
1/22/2025 19:31:46,8:54:32,3,3.78,2763,8597.09,6,18.87,
1/22/2025 19:32:47,8:55:33,3,3.78,2774,8631.40,11,34.31,
1/22/2025 19:33:48,8:56:33,3,3.78,2781,8653.23,7,21.83,
1/22/2025 19:34:48,8:57:33,3,3.80,2789,8678.23,8,25.00,
1/22/2025 19:35:48,8:58:33,3,3.78,2796,8700.15,7,21.93,
1/22/2025 19:36:47,8:59:33,3,3.79,2799,8709.63,3,9.48,
1/22/2025 19:37:48,9:0:34,3,3.80,2805,8728.49,6,18.86,
1/22/2025 19:38:49,9:1:34,3,3.78,2809,8740.96,4,12.47,
1/22/2025 19:39:48,9:2:34,3,3.78,2819,8772.15,10,31.19,
1/22/2025 19:40:48,9:3:34,3,3.79,2830,8806.48,11,34.33,
1/22/2025 19:41:48,9:4:34,3,3.79,2838,8831.43,8,24.96,
1/22/2025 19:42:49,9:5:35,3,3.79,2847,8858.41,9,26.98,
1/22/2025 19:43:50,9:6:35,3,3.78,2848,8861.53,1,3.12,
1/22/2025 19:44:49,9:7:35,3,3.78,2850,8867.77,2,6.24,
1/22/2025 19:45:50,9:8:35,3,3.79,2850,8867.77,0,0.00,
1/22/2025 19:46:49,9:9:35,3,3.78,2851,8870.89,1,3.12,
1/22/2025 19:47:49,9:10:35,3,3.78,2851,8870.89,0,0.00,
1/22/2025 19:48:49,9:11:35,3,3.79,2854,8880.25,3,9.36,
1/22/2025 19:49:49,9:12:35,3,3.79,2863,8908.56,9,28.31,
1/22/2025 19:50:49,9:13:35,3,3.79,2871,8933.51,8,24.95,
1/22/2025 19:51:49,9:14:35,3,3.78,2872,8936.63,1,3.12,
1/22/2025 19:52:49,9:15:35,3,3.78,2879,8958.47,7,21.84,
1/22/2025 19:53:50,9:16:35,3,3.78,2889,8989.67,10,31.19,
1/22/2025 19:54:49,9:17:35,3,3.79,2899,9020.85,10,31.18,
1/22/2025 19:55:49,9:18:35,3,3.78,2908,9049.16,9,28.31,
1/22/2025 19:56:49,9:19:35,3,3.78,2918,9080.34,10,31.18,
1/22/2025 19:57:49,9:20:35,3,3.78,2926,9105.28,8,24.95,
1/22/2025 19:58:49,9:21:35,3,3.78,2937,9139.66,11,34.38,
1/22/2025 19:59:50,9:22:35,3,3.78,2941,9152.14,4,12.48,
1/22/2025 20:00:50,9:23:35,3,3.79,2950,9180.49,9,28.35,
1/22/2025 20:01:50,9:24:36,3,3.78,2954,9192.97,4,12.48,
1/22/2025 20:02:50,9:25:36,3,3.78,2964,9224.16,10,31.19,
1/22/2025 20:03:50,9:26:36,3,3.78,2975,9258.53,11,34.37,
1/22/2025 20:04:50,9:27:36,3,3.77,2986,9292.84,11,34.30,
1/22/2025 20:05:51,9:28:36,3,3.78,2994,9317.79,8,24.95,
1/22/2025 20:06:50,9:29:36,3,3.79,3003,9345.85,9,28.06,
1/22/2025 20:07:50,9:30:36,3,3.78,3009,9364.77,6,18.92,
1/22/2025 20:08:50,9:31:36,3,3.78,3019,9395.95,10,31.18,
1/22/2025 20:09:50,9:32:36,3,3.79,3029,9427.19,10,31.24,
1/22/2025 20:10:50,9:33:36,3,3.79,3039,9458.46,10,31.27,
1/22/2025 20:11:50,9:34:36,3,3.78,3051,9495.97,12,37.51,
1/22/2025 20:12:50,9:35:36,3,3.79,3062,9530.60,11,34.63,
1/22/2025 20:13:50,9:36:36,3,3.78,3073,9563.54,11,32.94,
1/22/2025 20:14:50,9:37:36,3,3.78,3079,9580.90,6,17.36,
1/22/2025 20:15:50,9:38:36,3,3.78,3080,9584.02,1,3.12,
1/22/2025 20:16:50,9:39:36,3,3.77,3086,9602.73,6,18.71,
1/22/2025 20:17:50,9:40:36,3,3.78,3094,9627.77,8,25.04,
1/22/2025 20:18:50,9:41:36,3,3.79,3094,9627.77,0,0.00,
1/22/2025 20:19:50,9:42:36,3,3.78,3098,9640.25,4,12.48,
1/22/2025 20:20:50,9:43:36,3,3.77,3100,9646.49,2,6.24,
1/22/2025 20:21:50,9:44:36,3,3.79,3101,9649.61,1,3.12,
1/22/2025 20:22:50,9:45:36,3,3.78,3102,9652.73,1,3.12,
1/22/2025 20:23:50,9:46:36,3,3.77,3105,9662.09,3,9.36,
1/22/2025 20:24:50,9:47:36,3,3.78,3111,9680.91,6,18.82,
1/22/2025 20:25:50,9:48:36,3,3.79,3111,9680.91,0,0.00,
1/22/2025 20:26:50,9:49:36,3,3.79,3111,9680.91,0,0.00,
1/22/2025 20:27:50,9:50:36,3,3.79,3113,9687.15,2,6.24,
1/22/2025 20:28:50,9:51:36,3,3.79,3115,9693.40,2,6.24,
1/22/2025 20:29:50,9:52:36,3,3.78,3118,9702.75,3,9.36,
1/22/2025 20:30:50,9:53:36,3,3.78,3122,9715.25,4,12.50,
1/22/2025 20:31:50,9:54:36,3,3.78,3125,9724.69,3,9.44,
1/22/2025 20:32:50,9:55:36,3,3.78,3125,9724.69,0,0.00,
1/22/2025 20:33:50,9:56:36,3,3.78,3125,9724.69,0,0.00,
1/22/2025 20:34:50,9:57:36,3,3.78,3125,9724.69,0,0.00,
1/22/2025 20:35:50,9:58:36,3,3.79,3125,9724.69,0,0.00,
1/22/2025 20:36:50,9:59:36,3,3.79,3125,9724.69,0,0.00,
1/22/2025 20:37:50,10:0:36,3,3.78,3125,9724.69,0,0.00,
1/22/2025 20:38:50,10:1:36,3,3.78,3125,9724.69,0,0.00,
1/22/2025 20:39:50,10:2:36,3,3.78,3125,9724.69,0,0.00,
1/22/2025 20:40:50,10:3:36,3,3.78,3125,9724.69,0,0.00,
1/22/2025 20:41:50,10:4:36,3,3.79,3125,9724.69,0,0.00,
1/22/2025 20:42:50,10:5:36,3,3.78,3125,9724.69,0,0.00,
1/22/2025 20:43:50,10:6:36,3,3.78,3125,9724.69,0,0.00,
1/22/2025 20:44:50,10:7:36,3,3.78,3125,9724.69,0,0.00,
1/22/2025 20:45:50,10:8:36,3,3.78,3125,9724.69,0,0.00,
1/22/2025 20:46:50,10:9:36,3,3.78,3125,9724.69,0,0.00,
1/22/2025 20:47:50,10:10:36,3,3.78,3125,9724.69,0,0.00,
1/22/2025 20:48:50,10:11:36,3,3.78,3125,9724.69,0,0.00,
1/22/2025 20:49:50,10:12:36,3,3.78,3125,9724.69,0,0.00,
1/22/2025 20:50:50,10:13:36,3,3.79,3125,9724.69,0,0.00,
1/22/2025 20:51:50,10:14:36,3,3.78,3126,9727.81,1,3.12,
1/22/2025 20:52:50,10:15:36,3,3.79,3127,9730.93,1,3.12,
1/22/2025 20:53:50,10:16:36,3,3.78,3127,9730.93,0,0.00,
1/22/2025 20:54:50,10:17:36,3,3.78,3127,9730.93,0,0.00,
1/22/2025 20:55:50,10:18:36,3,3.78,3127,9730.93,0,0.00,
1/22/2025 20:56:50,10:19:36,3,3.78,3128,9734.05,1,3.12,
1/22/2025 20:57:50,10:20:36,3,3.78,3131,9743.56,3,9.51,
1/22/2025 20:58:50,10:21:36,3,3.78,3131,9743.56,0,0.00,
1/22/2025 20:59:50,10:22:36,3,3.77,3131,9743.56,0,0.00,
1/22/2025 21:00:50,10:23:36,3,3.78,3132,9746.68,1,3.12,
1/22/2025 21:01:50,10:24:36,3,3.78,3132,9746.68,0,0.00,
1/22/2025 21:02:50,10:25:36,3,3.79,3132,9746.68,0,0.00,
1/22/2025 21:03:50,10:26:36,3,3.79,3132,9746.68,0,0.00,
1/22/2025 21:04:50,10:27:36,3,3.78,3132,9746.68,0,0.00,
1/22/2025 21:05:50,10:28:36,3,3.78,3132,9746.68,0,0.00,
1/22/2025 21:06:50,10:29:36,3,3.77,3132,9746.68,0,0.00,
1/22/2025 21:07:50,10:30:36,3,3.78,3132,9746.68,0,0.00,
1/22/2025 21:08:50,10:31:36,3,3.78,3132,9746.68,0,0.00,
1/22/2025 21:09:50,10:32:36,3,3.77,3136,9759.20,4,12.52,
1/22/2025 21:10:50,10:33:36,3,3.78,3136,9759.20,0,0.00,
1/22/2025 21:11:50,10:34:36,3,3.78,3136,9759.20,0,0.00,
1/22/2025 21:12:50,10:35:36,3,3.78,3136,9759.20,0,0.00,
1/22/2025 21:13:50,10:36:36,3,3.78,3136,9759.20,0,0.00,
1/22/2025 21:14:50,10:37:36,3,3.78,3136,9759.20,0,0.00,
1/22/2025 21:15:50,10:38:36,3,3.78,3136,9759.20,0,0.00,
1/22/2025 21:16:49,10:39:36,3,3.78,3136,9759.20,0,0.00,
1/22/2025 21:17:50,10:40:36,3,3.77,3136,9759.20,0,0.00,
1/22/2025 21:18:50,10:41:36,3,3.78,3136,9759.20,0,0.00,
1/22/2025 21:19:50,10:42:36,3,3.77,3136,9759.20,0,0.00,
1/22/2025 21:20:50,10:43:36,3,3.77,3136,9759.20,0,0.00,
1/22/2025 21:21:50,10:44:36,3,3.78,3136,9759.20,0,0.00,
1/22/2025 21:22:50,10:45:36,3,3.78,3136,9759.20,0,0.00,
1/22/2025 21:23:50,10:46:36,3,3.78,3136,9759.20,0,0.00,
1/22/2025 21:24:50,10:47:36,3,3.78,3136,9759.20,0,0.00,
1/22/2025 21:25:50,10:48:36,3,3.78,3136,9759.20,0,0.00,
1/22/2025 21:26:49,10:49:36,3,3.78,3136,9759.20,0,0.00,
1/22/2025 21:27:50,10:50:36,3,3.78,3136,9759.20,0,0.00,
1/22/2025 21:28:50,10:51:36,3,3.77,3136,9759.20,0,0.00,
1/22/2025 21:29:49,10:52:36,3,3.77,3136,9759.20,0,0.00,
1/22/2025 21:30:50,10:53:36,3,3.78,3136,9759.20,0,0.00,
1/22/2025 21:31:50,10:54:36,3,3.78,3136,9759.20,0,0.00,
1/22/2025 21:32:50,10:55:36,3,3.77,3136,9759.20,0,0.00,
1/22/2025 21:33:50,10:56:36,3,3.78,3137,9762.32,1,3.12,
1/22/2025 21:34:49,10:57:36,3,3.78,3137,9762.32,0,0.00,
1/22/2025 21:35:50,10:58:36,3,3.78,3137,9762.32,0,0.00,
1/22/2025 21:36:50,10:59:36,3,3.78,3137,9762.32,0,0.00,
1/22/2025 21:37:49,11:0:36,3,3.77,3137,9762.32,0,0.00,
1/22/2025 21:38:50,11:1:36,3,3.77,3137,9762.32,0,0.00,
1/22/2025 21:39:50,11:2:36,3,3.77,3137,9762.32,0,0.00,
1/22/2025 21:40:49,11:3:36,3,3.78,3137,9762.32,0,0.00,
1/22/2025 21:41:50,11:4:36,3,3.78,3137,9762.32,0,0.00,
1/22/2025 21:42:50,11:5:36,3,3.78,3137,9762.32,0,0.00,
1/22/2025 21:43:49,11:6:36,3,3.77,3137,9762.32,0,0.00,
1/22/2025 21:44:49,11:7:36,3,3.77,3137,9762.32,0,0.00,
1/22/2025 21:45:50,11:8:36,3,3.76,3137,9762.32,0,0.00,
1/22/2025 21:46:50,11:9:36,3,3.78,3137,9762.32,0,0.00,
1/22/2025 21:47:49,11:10:36,3,3.76,3139,9768.56,2,6.24,
1/22/2025 21:48:50,11:11:36,3,3.77,3139,9768.56,0,0.00,
1/22/2025 21:49:50,11:12:36,3,3.77,3139,9768.56,0,0.00,
1/22/2025 21:50:49,11:13:36,3,3.77,3139,9768.56,0,0.00,
1/22/2025 21:51:50,11:14:36,3,3.77,3139,9768.56,0,0.00,
1/22/2025 21:52:50,11:15:36,3,3.78,3139,9768.56,0,0.00,
1/22/2025 21:53:49,11:16:36,3,3.78,3139,9768.56,0,0.00,
1/22/2025 21:54:49,11:17:36,3,3.77,3139,9768.56,0,0.00,
1/22/2025 21:55:50,11:18:36,3,3.77,3139,9768.56,0,0.00,
1/22/2025 21:56:49,11:19:36,3,3.78,3139,9768.56,0,0.00,
1/22/2025 21:57:49,11:20:36,3,3.77,3139,9768.56,0,0.00,
1/22/2025 21:58:50,11:21:36,3,3.78,3139,9768.56,0,0.00,
1/22/2025 21:59:50,11:22:36,3,3.78,3139,9768.56,0,0.00,
1/22/2025 22:00:49,11:23:36,3,3.78,3139,9768.56,0,0.00,
1/22/2025 22:01:50,11:24:36,3,3.78,3139,9768.56,0,0.00,
1/22/2025 22:02:50,11:25:36,3,3.79,3139,9768.56,0,0.00,
1/22/2025 22:03:49,11:26:36,3,3.77,3139,9768.56,0,0.00,
1/22/2025 22:04:49,11:27:36,3,3.78,3139,9768.56,0,0.00,
1/22/2025 22:05:49,11:28:36,3,3.77,3142,9778.04,3,9.48,
1/22/2025 22:06:49,11:29:36,3,3.78,3144,9784.28,2,6.24,
1/22/2025 22:07:49,11:30:36,3,3.78,3144,9784.28,0,0.00,
1/22/2025 22:08:50,11:31:36,3,3.78,3144,9784.28,0,0.00,
1/22/2025 22:09:49,11:32:36,3,3.78,3144,9784.28,0,0.00,
1/22/2025 22:10:49,11:33:36,3,3.77,3144,9784.28,0,0.00,
1/22/2025 22:11:50,11:34:36,3,3.78,3145,9787.40,1,3.12,
1/22/2025 22:12:49,11:35:36,3,3.77,3145,9787.40,0,0.00,
1/22/2025 22:13:49,11:36:36,3,3.77,3145,9787.40,0,0.00,
1/22/2025 22:14:50,11:37:36,3,3.77,3145,9787.40,0,0.00,
1/22/2025 22:15:49,11:38:36,3,3.78,3145,9787.40,0,0.00,
1/22/2025 22:16:49,11:39:36,3,3.77,3145,9787.40,0,0.00,
1/22/2025 22:17:50,11:40:36,3,3.78,3145,9787.40,0,0.00,
1/22/2025 22:18:49,11:41:36,3,3.77,3145,9787.40,0,0.00,
1/22/2025 22:19:50,11:42:36,3,3.77,3146,9790.52,1,3.12,
1/22/2025 22:20:49,11:43:36,3,3.78,3149,9799.89,3,9.36,
1/22/2025 22:21:50,11:44:36,3,3.78,3149,9799.89,0,0.00,
1/22/2025 22:22:49,11:45:36,3,3.77,3149,9799.89,0,0.00,
1/22/2025 22:23:49,11:46:36,3,3.77,3149,9799.89,0,0.00,
1/22/2025 22:24:50,11:47:36,3,3.78,3149,9799.89,0,0.00,
1/22/2025 22:25:49,11:48:36,3,3.77,3149,9799.89,0,0.00,
1/22/2025 22:26:49,11:49:36,3,3.78,3149,9799.89,0,0.00,
1/22/2025 22:27:49,11:50:36,3,3.78,3149,9799.89,0,0.00,
1/22/2025 22:28:49,11:51:36,3,3.78,3149,9799.89,0,0.00,
1/22/2025 22:29:49,11:52:36,3,3.77,3149,9799.89,0,0.00,
1/22/2025 22:30:49,11:53:36,3,3.77,3149,9799.89,0,0.00,
1/22/2025 22:31:50,11:54:36,3,3.78,3149,9799.89,0,0.00,
1/22/2025 22:32:49,11:55:36,3,3.76,3149,9799.89,0,0.00,
1/22/2025 22:33:49,11:56:36,3,3.76,3149,9799.89,0,0.00,
1/22/2025 22:34:50,11:57:36,3,3.77,3149,9799.89,0,0.00,
1/22/2025 22:35:49,11:58:36,3,3.78,3149,9799.89,0,0.00,
1/22/2025 22:36:49,11:59:36,3,3.78,3149,9799.89,0,0.00,
1/22/2025 22:37:49,12:0:36,3,3.78,3151,9806.28,2,6.40,
1/22/2025 22:38:49,12:1:36,3,3.78,3151,9806.28,0,0.00,
1/22/2025 22:39:49,12:2:36,3,3.76,3151,9806.28,0,0.00,
1/22/2025 22:40:49,12:3:36,3,3.78,3151,9806.28,0,0.00,
1/22/2025 22:41:50,12:4:36,3,3.77,3151,9806.28,0,0.00,
1/22/2025 22:42:49,12:5:36,3,3.77,3151,9806.28,0,0.00,
1/22/2025 22:43:49,12:6:36,3,3.78,3151,9806.28,0,0.00,
1/22/2025 22:44:49,12:7:36,3,3.77,3151,9806.28,0,0.00,
1/22/2025 22:45:49,12:8:36,3,3.78,3151,9806.28,0,0.00,
1/22/2025 22:46:49,12:9:36,3,3.76,3152,9809.41,1,3.12,
1/22/2025 22:47:49,12:10:36,3,3.76,3152,9809.41,0,0.00,
1/22/2025 22:48:49,12:11:36,3,3.78,3152,9809.41,0,0.00,
1/22/2025 22:49:49,12:12:36,3,3.77,3152,9809.41,0,0.00,
1/22/2025 22:50:49,12:13:36,3,3.77,3152,9809.41,0,0.00,
1/22/2025 22:51:49,12:14:36,3,3.77,3152,9809.41,0,0.00,
1/22/2025 22:52:49,12:15:36,3,3.77,3153,9812.53,1,3.12,
1/22/2025 22:53:49,12:16:36,3,3.78,3153,9812.53,0,0.00,
1/22/2025 22:54:49,12:17:36,3,3.77,3153,9812.53,0,0.00,
1/22/2025 22:55:49,12:18:36,3,3.77,3153,9812.53,0,0.00,
1/22/2025 22:56:49,12:19:36,3,3.75,3153,9812.53,0,0.00,
1/22/2025 22:57:49,12:20:36,3,3.78,3153,9812.53,0,0.00,
1/22/2025 22:58:49,12:21:36,3,3.77,3154,9815.65,1,3.12,
1/22/2025 22:59:49,12:22:36,3,3.77,3154,9815.65,0,0.00,
1/22/2025 23:00:49,12:23:36,3,3.78,3154,9815.65,0,0.00,
1/22/2025 23:01:49,12:24:36,3,3.78,3154,9815.65,0,0.00,
1/22/2025 23:02:49,12:25:36,3,3.78,3154,9815.65,0,0.00,
1/22/2025 23:03:49,12:26:36,3,3.78,3154,9815.65,0,0.00,
1/22/2025 23:04:49,12:27:36,3,3.77,3156,9821.92,2,6.27,
1/22/2025 23:05:49,12:28:36,3,3.78,3156,9821.92,0,0.00,
1/22/2025 23:06:49,12:29:36,3,3.76,3162,9840.65,6,18.73,
1/22/2025 23:07:49,12:30:36,3,3.76,3171,9868.83,9,28.18,
1/22/2025 23:08:49,12:31:36,3,3.77,3180,9897.00,9,28.17,
1/22/2025 23:09:49,12:32:36,3,3.77,3182,9903.25,2,6.25,
1/22/2025 23:10:49,12:33:36,3,3.77,3186,9915.74,4,12.49,
1/22/2025 23:11:49,12:34:36,3,3.77,3188,9921.99,2,6.25,
1/22/2025 23:12:49,12:35:36,3,3.76,3189,9925.11,1,3.12,
1/22/2025 23:13:49,12:36:36,3,3.77,3189,9925.11,0,0.00,
1/22/2025 23:14:49,12:37:36,3,3.78,3190,9928.24,1,3.12,
1/22/2025 23:15:49,12:38:36,3,3.77,3192,9934.49,2,6.25,
1/22/2025 23:16:49,12:39:36,3,3.77,3192,9934.49,0,0.00,
1/22/2025 23:17:49,12:40:36,3,3.76,3192,9934.49,0,0.00,
1/22/2025 23:18:49,12:41:36,3,3.76,3193,9937.61,1,3.12,
1/22/2025 23:19:49,12:42:36,3,3.77,3193,9937.61,0,0.00,
1/22/2025 23:20:49,12:43:36,3,3.78,3196,9946.98,3,9.37,
1/22/2025 23:21:49,12:44:36,3,3.78,3198,9953.23,2,6.25,
1/22/2025 23:22:49,12:45:36,3,3.76,3201,9962.60,3,9.37,
1/22/2025 23:23:49,12:46:36,3,3.76,3203,9968.85,2,6.25,
1/22/2025 23:24:49,12:47:36,3,3.77,3211,9993.94,8,25.09,
1/22/2025 23:25:49,12:48:36,3,3.77,3216,10009.55,5,15.61,
1/22/2025 23:26:49,12:49:36,3,3.76,3216,10009.55,0,0.00,
1/22/2025 23:27:49,12:50:36,3,3.77,3216,10009.55,0,0.00,
1/22/2025 23:28:49,12:51:36,3,3.76,3216,10009.55,0,0.00,
1/22/2025 23:29:49,12:52:36,3,3.78,3217,10012.67,1,3.12,
1/22/2025 23:30:49,12:53:36,3,3.76,3218,10015.79,1,3.12,
1/22/2025 23:31:49,12:54:36,3,3.76,3218,10015.79,0,0.00,
1/22/2025 23:32:49,12:55:36,3,3.76,3218,10015.79,0,0.00,
1/22/2025 23:33:49,12:56:36,3,3.76,3218,10015.79,0,0.00,
1/22/2025 23:34:49,12:57:36,3,3.77,3218,10015.79,0,0.00,
1/22/2025 23:35:49,12:58:36,3,3.77,3218,10015.79,0,0.00,
1/22/2025 23:36:49,12:59:36,3,3.77,3218,10015.79,0,0.00,
1/22/2025 23:37:49,13:0:36,3,3.76,3218,10015.79,0,0.00,
1/22/2025 23:38:49,13:1:36,3,3.77,3219,10018.92,1,3.12,
1/22/2025 23:39:49,13:2:36,3,3.77,3220,10022.04,1,3.12,
1/22/2025 23:40:49,13:3:36,3,3.76,3220,10022.04,0,0.00,
1/22/2025 23:41:49,13:4:36,3,3.77,3220,10022.04,0,0.00,
1/22/2025 23:42:49,13:5:36,3,3.77,3220,10022.04,0,0.00,
1/22/2025 23:43:49,13:6:36,3,3.77,3220,10022.04,0,0.00,
1/22/2025 23:44:49,13:7:36,3,3.76,3220,10022.04,0,0.00,
1/22/2025 23:45:49,13:8:36,3,3.78,3220,10022.04,0,0.00,
1/22/2025 23:46:49,13:9:36,3,3.77,3220,10022.04,0,0.00,
1/22/2025 23:47:49,13:10:36,3,3.77,3220,10022.04,0,0.00,
1/22/2025 23:48:49,13:11:36,3,3.76,3221,10025.16,1,3.12,
1/22/2025 23:49:49,13:12:36,3,3.77,3221,10025.16,0,0.00,
1/22/2025 23:50:49,13:13:36,3,3.77,3221,10025.16,0,0.00,
1/22/2025 23:51:49,13:14:36,3,3.76,3221,10025.16,0,0.00,
1/22/2025 23:52:49,13:15:36,3,3.76,3221,10025.16,0,0.00,
1/22/2025 23:53:48,13:16:36,3,3.76,3221,10025.16,0,0.00,
1/22/2025 23:54:49,13:17:36,3,3.76,3221,10025.16,0,0.00,
1/22/2025 23:55:49,13:18:36,3,3.77,3221,10025.16,0,0.00,
1/22/2025 23:56:49,13:19:36,3,3.76,3221,10025.16,0,0.00,
1/22/2025 23:57:49,13:20:36,3,3.77,3221,10025.16,0,0.00,
1/22/2025 23:58:49,13:21:36,3,3.78,3221,10025.16,0,0.00,
1/22/2025 23:59:49,13:22:36,3,3.76,3221,10025.16,0,0.00,
1/23/2025 0:00:48,13:23:36,3,3.77,3221,10025.16,0,0.00,
1/23/2025 0:01:49,13:24:36,3,3.76,3221,10025.16,0,0.00,
1/23/2025 0:02:49,13:25:36,3,3.77,3221,10025.16,0,0.00,
1/23/2025 0:03:49,13:26:36,3,3.77,3221,10025.16,0,0.00,
1/23/2025 0:04:49,13:27:36,3,3.78,3221,10025.16,0,0.00,
1/23/2025 0:05:49,13:28:36,3,3.76,3221,10025.16,0,0.00,
1/23/2025 0:06:49,13:29:36,3,3.76,3221,10025.16,0,0.00,
1/23/2025 0:07:49,13:30:36,3,3.76,3223,10031.50,2,6.34,
1/23/2025 0:08:48,13:31:36,3,3.76,3223,10031.50,0,0.00,
1/23/2025 0:09:49,13:32:36,3,3.76,3223,10031.50,0,0.00,
1/23/2025 0:10:49,13:33:36,3,3.77,3223,10031.50,0,0.00,
1/23/2025 0:11:48,13:34:36,3,3.78,3224,10034.62,1,3.12,
1/23/2025 0:12:49,13:35:36,3,3.76,3225,10037.75,1,3.12,
1/23/2025 0:13:49,13:36:36,3,3.76,3225,10037.75,0,0.00,
1/23/2025 0:14:48,13:37:36,3,3.77,3225,10037.75,0,0.00,
1/23/2025 0:15:49,13:38:36,3,3.77,3225,10037.75,0,0.00,
1/23/2025 0:16:49,13:39:36,3,3.77,3225,10037.75,0,0.00,
1/23/2025 0:17:48,13:40:36,3,3.77,3225,10037.75,0,0.00,
1/23/2025 0:18:49,13:41:36,3,3.76,3225,10037.75,0,0.00,
1/23/2025 0:19:49,13:42:36,3,3.78,3225,10037.75,0,0.00,
1/23/2025 0:20:49,13:43:36,3,3.77,3226,10040.87,1,3.12,
1/23/2025 0:21:49,13:44:36,3,3.78,3226,10040.87,0,0.00,
1/23/2025 0:22:48,13:45:36,3,3.76,3226,10040.87,0,0.00,
1/23/2025 0:23:48,13:46:36,3,3.77,3226,10040.87,0,0.00,
1/23/2025 0:24:49,13:47:36,3,3.76,3226,10040.87,0,0.00,
1/23/2025 0:25:49,13:48:36,3,3.76,3226,10040.87,0,0.00,
1/23/2025 0:26:48,13:49:36,3,3.77,3226,10040.87,0,0.00,
1/23/2025 0:27:49,13:50:36,3,3.78,3227,10044.07,1,3.20,
1/23/2025 0:28:48,13:51:36,3,3.76,3231,10056.56,4,12.49,
1/23/2025 0:29:48,13:52:36,3,3.76,3233,10062.81,2,6.25,
1/23/2025 0:30:49,13:53:36,3,3.77,3233,10062.81,0,0.00,
1/23/2025 0:31:49,13:54:36,3,3.76,3233,10062.81,0,0.00,
1/23/2025 0:32:48,13:55:36,3,3.76,3233,10062.81,0,0.00,
1/23/2025 0:33:48,13:56:36,3,3.76,3233,10062.81,0,0.00,
1/23/2025 0:34:49,13:57:36,3,3.77,3233,10062.81,0,0.00,
1/23/2025 0:35:49,13:58:36,3,3.76,3233,10062.81,0,0.00,
1/23/2025 0:36:48,13:59:36,3,3.76,3233,10062.81,0,0.00,
1/23/2025 0:37:49,14:0:36,3,3.76,3233,10062.81,0,0.00,
1/23/2025 0:38:49,14:1:36,3,3.76,3233,10062.81,0,0.00,
1/23/2025 0:39:48,14:2:36,3,3.76,3233,10062.81,0,0.00,
1/23/2025 0:40:48,14:3:36,3,3.76,3233,10062.81,0,0.00,
1/23/2025 0:41:49,14:4:36,3,3.76,3233,10062.81,0,0.00,
1/23/2025 0:42:48,14:5:36,3,3.77,3233,10062.81,0,0.00,
1/23/2025 0:43:48,14:6:36,3,3.76,3233,10062.81,0,0.00,
1/23/2025 0:44:48,14:7:36,3,3.76,3233,10062.81,0,0.00,
1/23/2025 0:45:49,14:8:36,3,3.76,3233,10062.81,0,0.00,
1/23/2025 0:46:48,14:9:36,3,3.76,3233,10062.81,0,0.00,
1/23/2025 0:47:48,14:10:36,3,3.76,3233,10062.81,0,0.00,
1/23/2025 0:48:49,14:11:36,3,3.77,3233,10062.81,0,0.00,
1/23/2025 0:49:48,14:12:36,3,3.76,3233,10062.81,0,0.00,
1/23/2025 0:50:48,14:13:36,3,3.76,3235,10069.06,2,6.25,
1/23/2025 0:51:48,14:14:36,3,3.76,3235,10069.06,0,0.00,
1/23/2025 0:52:48,14:15:36,3,3.77,3235,10069.06,0,0.00,
1/23/2025 0:53:49,14:16:36,3,3.76,3235,10069.06,0,0.00,
1/23/2025 0:54:48,14:17:36,3,3.76,3235,10069.06,0,0.00,
1/23/2025 0:55:48,14:18:36,3,3.77,3235,10069.06,0,0.00,
1/23/2025 0:56:49,14:19:36,3,3.76,3235,10069.06,0,0.00,
1/23/2025 0:57:48,14:20:36,3,3.76,3235,10069.06,0,0.00,
1/23/2025 0:58:48,14:21:36,3,3.76,3235,10069.06,0,0.00,
1/23/2025 0:59:48,14:22:36,3,3.76,3235,10069.06,0,0.00,
1/23/2025 1:00:49,14:23:36,3,3.76,3235,10069.06,0,0.00,
1/23/2025 1:01:48,14:24:36,3,3.76,3235,10069.06,0,0.00,
1/23/2025 1:02:48,14:25:36,3,3.75,3235,10069.06,0,0.00,
1/23/2025 1:03:49,14:26:36,3,3.77,3235,10069.06,0,0.00,
1/23/2025 1:04:48,14:27:36,3,3.76,3235,10069.06,0,0.00,
1/23/2025 1:05:48,14:28:36,3,3.76,3235,10069.06,0,0.00,
1/23/2025 1:06:48,14:29:36,3,3.77,3235,10069.06,0,0.00,
1/23/2025 1:07:49,14:30:36,3,3.77,3235,10069.06,0,0.00,
1/23/2025 1:08:48,14:31:36,3,3.77,3235,10069.06,0,0.00,
1/23/2025 1:09:48,14:32:36,3,3.76,3235,10069.06,0,0.00,
1/23/2025 1:10:48,14:33:36,3,3.77,3235,10069.06,0,0.00,
1/23/2025 1:11:48,14:34:36,3,3.77,3235,10069.06,0,0.00,
1/23/2025 1:12:48,14:35:36,3,3.77,3236,10072.18,1,3.12,
1/23/2025 1:13:48,14:36:36,3,3.78,3240,10084.67,4,12.49,
1/23/2025 1:14:49,14:37:36,3,3.76,3243,10094.04,3,9.37,
1/23/2025 1:15:48,14:38:36,3,3.77,3243,10094.04,0,0.00,
1/23/2025 1:16:48,14:39:36,3,3.76,3243,10094.04,0,0.00,
1/23/2025 1:17:48,14:40:36,3,3.76,3243,10094.04,0,0.00,
1/23/2025 1:18:48,14:41:36,3,3.76,3243,10094.04,0,0.00,
1/23/2025 1:19:48,14:42:36,3,3.76,3243,10094.04,0,0.00,
1/23/2025 1:20:48,14:43:36,3,3.76,3244,10097.16,1,3.12,
1/23/2025 1:21:48,14:44:36,3,3.76,3244,10097.16,0,0.00,
1/23/2025 1:22:48,14:45:36,3,3.78,3244,10097.16,0,0.00,
1/23/2025 1:23:48,14:46:36,3,3.77,3244,10097.16,0,0.00,
1/23/2025 1:24:48,14:47:36,3,3.76,3244,10097.16,0,0.00,
1/23/2025 1:25:48,14:48:36,3,3.76,3244,10097.16,0,0.00,
1/23/2025 1:26:48,14:49:36,3,3.77,3244,10097.16,0,0.00,
1/23/2025 1:27:48,14:50:36,3,3.77,3244,10097.16,0,0.00,
1/23/2025 1:28:48,14:51:36,3,3.76,3244,10097.16,0,0.00,
1/23/2025 1:29:48,14:52:36,3,3.76,3244,10097.16,0,0.00,
1/23/2025 1:30:48,14:53:36,3,3.76,3244,10097.16,0,0.00,
1/23/2025 1:31:48,14:54:36,3,3.76,3246,10103.41,2,6.25,
1/23/2025 1:32:48,14:55:36,3,3.75,3246,10103.41,0,0.00,
1/23/2025 1:33:48,14:56:36,3,3.76,3246,10103.41,0,0.00,
1/23/2025 1:34:48,14:57:36,3,3.76,3246,10103.41,0,0.00,
1/23/2025 1:35:48,14:58:36,3,3.76,3246,10103.41,0,0.00,
1/23/2025 1:36:48,14:59:36,3,3.76,3246,10103.41,0,0.00,
1/23/2025 1:37:48,15:0:36,3,3.76,3246,10103.41,0,0.00,
1/23/2025 1:38:48,15:1:36,3,3.77,3246,10103.41,0,0.00,
1/23/2025 1:39:48,15:2:36,3,3.76,3246,10103.41,0,0.00,
1/23/2025 1:40:48,15:3:36,3,3.76,3246,10103.41,0,0.00,
1/23/2025 1:41:48,15:4:36,3,3.76,3246,10103.41,0,0.00,
1/23/2025 1:42:48,15:5:36,3,3.76,3247,10106.53,1,3.12,
1/23/2025 1:43:48,15:6:36,3,3.76,3247,10106.53,0,0.00,
1/23/2025 1:44:48,15:7:36,3,3.77,3247,10106.53,0,0.00,
1/23/2025 1:45:48,15:8:36,3,3.76,3247,10106.53,0,0.00,
1/23/2025 1:46:48,15:9:36,3,3.77,3247,10106.53,0,0.00,
1/23/2025 1:47:48,15:10:36,3,3.76,3247,10106.53,0,0.00,
1/23/2025 1:48:48,15:11:36,3,3.76,3247,10106.53,0,0.00,
1/23/2025 1:49:48,15:12:36,3,3.76,3247,10106.53,0,0.00,
1/23/2025 1:50:48,15:13:36,3,3.77,3247,10106.53,0,0.00,
1/23/2025 1:51:48,15:14:36,3,3.76,3247,10106.53,0,0.00,
1/23/2025 1:52:48,15:15:36,3,3.75,3247,10106.53,0,0.00,
1/23/2025 1:53:48,15:16:36,3,3.76,3247,10106.53,0,0.00,
1/23/2025 1:54:48,15:17:36,3,3.76,3247,10106.53,0,0.00,
1/23/2025 1:55:48,15:18:36,3,3.76,3248,10109.65,1,3.12,
1/23/2025 1:56:48,15:19:36,3,3.75,3248,10109.65,0,0.00,
1/23/2025 1:57:48,15:20:36,3,3.76,3248,10109.65,0,0.00,
1/23/2025 1:58:48,15:21:36,3,3.76,3248,10109.65,0,0.00,
1/23/2025 1:59:48,15:22:36,3,3.76,3248,10109.65,0,0.00,
1/23/2025 2:00:48,15:23:36,3,3.76,3248,10109.65,0,0.00,
1/23/2025 2:01:48,15:24:36,3,3.76,3248,10109.65,0,0.00,
1/23/2025 2:02:48,15:25:36,3,3.76,3248,10109.65,0,0.00,
1/23/2025 2:03:48,15:26:36,3,3.76,3248,10109.65,0,0.00,
1/23/2025 2:04:48,15:27:36,3,3.76,3249,10112.78,1,3.12,
1/23/2025 2:05:48,15:28:36,3,3.76,3249,10112.78,0,0.00,
1/23/2025 2:06:48,15:29:36,3,3.76,3249,10112.78,0,0.00,
1/23/2025 2:07:48,15:30:36,3,3.76,3249,10112.78,0,0.00,
1/23/2025 2:08:48,15:31:36,3,3.75,3251,10119.03,2,6.25,
1/23/2025 2:09:48,15:32:36,3,3.76,3251,10119.03,0,0.00,
1/23/2025 2:10:48,15:33:36,3,3.74,3251,10119.03,0,0.00,
1/23/2025 2:11:48,15:34:36,3,3.76,3253,10125.27,2,6.25,
1/23/2025 2:12:48,15:35:36,3,3.75,3256,10134.65,3,9.37,
1/23/2025 2:13:48,15:36:36,3,3.75,3256,10134.65,0,0.00,
1/23/2025 2:14:48,15:37:36,3,3.76,3256,10134.65,0,0.00,
1/23/2025 2:15:48,15:38:36,3,3.76,3257,10137.77,1,3.12,
1/23/2025 2:16:48,15:39:36,3,3.76,3258,10140.89,1,3.12,
1/23/2025 2:17:48,15:40:36,3,3.76,3258,10140.89,0,0.00,
1/23/2025 2:18:48,15:41:36,3,3.76,3258,10140.89,0,0.00,
1/23/2025 2:19:48,15:42:36,3,3.76,3259,10144.02,1,3.12,
1/23/2025 2:20:48,15:43:36,3,3.76,3259,10144.02,0,0.00,
1/23/2025 2:21:48,15:44:36,3,3.76,3264,10159.63,5,15.62,
1/23/2025 2:22:47,15:45:36,3,3.76,3265,10162.76,1,3.12,
1/23/2025 2:23:48,15:46:36,3,3.76,3265,10162.76,0,0.00,
1/23/2025 2:24:48,15:47:36,3,3.76,3265,10162.76,0,0.00,
1/23/2025 2:25:47,15:48:36,3,3.76,3266,10165.88,1,3.12,
1/23/2025 2:26:48,15:49:36,3,3.75,3266,10165.88,0,0.00,
1/23/2025 2:27:48,15:50:36,3,3.76,3266,10165.88,0,0.00,
1/23/2025 2:28:48,15:51:36,3,3.76,3266,10165.88,0,0.00,
1/23/2025 2:29:48,15:52:36,3,3.76,3266,10165.88,0,0.00,
1/23/2025 2:30:48,15:53:36,3,3.76,3266,10165.88,0,0.00,
1/23/2025 2:31:48,15:54:36,3,3.76,3266,10165.88,0,0.00,
1/23/2025 2:32:47,15:55:36,3,3.76,3266,10165.88,0,0.00,
1/23/2025 2:33:48,15:56:36,3,3.76,3266,10165.88,0,0.00,
1/23/2025 2:34:48,15:57:36,3,3.76,3267,10169.00,1,3.12,
1/23/2025 2:35:47,15:58:36,3,3.76,3268,10172.13,1,3.12,
1/23/2025 2:36:48,15:59:36,3,3.75,3269,10175.25,1,3.12,
1/23/2025 2:37:48,16:0:36,3,3.76,3269,10175.25,0,0.00,
1/23/2025 2:38:47,16:1:36,3,3.76,3269,10175.25,0,0.00,
1/23/2025 2:39:48,16:2:36,3,3.75,3269,10175.25,0,0.00,
1/23/2025 2:40:48,16:3:36,3,3.75,3269,10175.25,0,0.00,
1/23/2025 2:41:48,16:4:36,3,3.76,3269,10175.25,0,0.00,
1/23/2025 2:42:48,16:5:36,3,3.77,3270,10178.38,1,3.13,
1/23/2025 2:43:47,16:6:36,3,3.76,3272,10184.63,2,6.25,
1/23/2025 2:44:48,16:7:36,3,3.75,3272,10184.63,0,0.00,
1/23/2025 2:45:48,16:8:36,3,3.76,3272,10184.63,0,0.00,
1/23/2025 2:46:47,16:9:36,3,3.76,3272,10184.63,0,0.00,
1/23/2025 2:47:48,16:10:36,3,3.76,3273,10187.75,1,3.13,
1/23/2025 2:48:47,16:11:36,3,3.76,3273,10187.75,0,0.00,
1/23/2025 2:49:48,16:12:36,3,3.77,3278,10203.37,5,15.62,
1/23/2025 2:50:48,16:13:36,3,3.76,3278,10203.37,0,0.00,
1/23/2025 2:51:47,16:14:36,3,3.76,3278,10203.37,0,0.00,
1/23/2025 2:52:48,16:15:36,3,3.76,3278,10203.37,0,0.00,
1/23/2025 2:53:48,16:16:36,3,3.76,3278,10203.37,0,0.00,
1/23/2025 2:54:47,16:17:36,3,3.76,3278,10203.37,0,0.00,
1/23/2025 2:55:47,16:18:36,3,3.76,3280,10209.62,2,6.25,
1/23/2025 2:56:48,16:19:36,3,3.76,3280,10209.62,0,0.00,
1/23/2025 2:57:48,16:20:36,3,3.76,3280,10209.62,0,0.00,
1/23/2025 2:58:47,16:21:36,3,3.77,3280,10209.62,0,0.00,
1/23/2025 2:59:48,16:22:36,3,3.76,3280,10209.62,0,0.00,
1/23/2025 3:00:48,16:23:36,3,3.76,3282,10215.87,2,6.25,
1/23/2025 3:01:47,16:24:36,3,3.76,3282,10215.87,0,0.00,
1/23/2025 3:02:48,16:25:36,3,3.76,3283,10219.09,1,3.23,
1/23/2025 3:03:48,16:26:36,3,3.74,3287,10231.59,4,12.50,
1/23/2025 3:04:48,16:27:36,3,3.76,3290,10241.18,3,9.59,
1/23/2025 3:05:48,16:28:36,3,3.76,3291,10244.30,1,3.12,
1/23/2025 3:06:47,16:29:36,3,3.76,3291,10244.30,0,0.00,
1/23/2025 3:07:48,16:30:36,3,3.76,3291,10244.30,0,0.00,
1/23/2025 3:08:48,16:31:36,3,3.76,3291,10244.30,0,0.00,
1/23/2025 3:09:47,16:32:36,3,3.76,3291,10244.30,0,0.00,
1/23/2025 3:10:47,16:33:36,3,3.76,3291,10244.30,0,0.00,
1/23/2025 3:11:48,16:34:36,3,3.76,3291,10244.30,0,0.00,
1/23/2025 3:12:47,16:35:36,3,3.77,3291,10244.30,0,0.00,
1/23/2025 3:13:47,16:36:36,3,3.76,3291,10244.30,0,0.00,
1/23/2025 3:14:48,16:37:36,3,3.75,3293,10250.55,2,6.25,
1/23/2025 3:15:48,16:38:36,3,3.76,3295,10256.80,2,6.25,
1/23/2025 3:16:47,16:39:36,3,3.77,3295,10256.80,0,0.00,
1/23/2025 3:17:47,16:40:36,3,3.76,3295,10256.80,0,0.00,
1/23/2025 3:18:48,16:41:36,3,3.76,3295,10256.80,0,0.00,
1/23/2025 3:19:48,16:42:36,3,3.76,3295,10256.80,0,0.00,
1/23/2025 3:20:47,16:43:36,3,3.76,3295,10256.80,0,0.00,
1/23/2025 3:21:47,16:44:36,3,3.76,3295,10256.80,0,0.00,
1/23/2025 3:22:48,16:45:36,3,3.75,3295,10256.80,0,0.00,
1/23/2025 3:23:47,16:46:36,3,3.76,3295,10256.80,0,0.00,
1/23/2025 3:24:47,16:47:36,3,3.76,3295,10256.80,0,0.00,
1/23/2025 3:25:48,16:48:36,3,3.76,3295,10256.80,0,0.00,
1/23/2025 3:26:47,16:49:36,3,3.75,3295,10256.80,0,0.00,
1/23/2025 3:27:47,16:50:36,3,3.74,3295,10256.80,0,0.00,
1/23/2025 3:28:47,16:51:36,3,3.74,3295,10256.80,0,0.00,
1/23/2025 3:29:47,16:52:36,3,3.76,3297,10263.05,2,6.25,
1/23/2025 3:30:48,16:53:36,3,3.77,3297,10263.05,0,0.00,
1/23/2025 3:31:47,16:54:36,3,3.74,3297,10263.05,0,0.00,
1/23/2025 3:32:47,16:55:36,3,3.76,3298,10266.23,1,3.18,
1/23/2025 3:33:48,16:56:36,3,3.75,3299,10269.35,1,3.13,
1/23/2025 3:34:47,16:57:36,3,3.76,3299,10269.35,0,0.00,
1/23/2025 3:35:47,16:58:36,3,3.76,3299,10269.35,0,0.00,
1/23/2025 3:36:47,16:59:36,3,3.76,3299,10269.35,0,0.00,
1/23/2025 3:37:48,17:0:36,3,3.76,3299,10269.35,0,0.00,
1/23/2025 3:38:47,17:1:36,3,3.76,3300,10272.48,1,3.13,
1/23/2025 3:39:47,17:2:36,3,3.75,3300,10272.48,0,0.00,
1/23/2025 3:40:47,17:3:36,3,3.75,3303,10281.85,3,9.38,
1/23/2025 3:41:47,17:4:36,3,3.76,3312,10309.96,9,28.11,
1/23/2025 3:42:47,17:5:36,3,3.76,3317,10325.58,5,15.62,
1/23/2025 3:43:48,17:6:37,3,3.76,3327,10356.83,10,31.25,
1/23/2025 3:44:49,17:7:37,3,3.75,3327,10356.83,0,0.00,
1/23/2025 3:45:49,17:8:37,3,3.75,3332,10372.46,5,15.63,
1/23/2025 3:46:49,17:9:37,3,3.76,3335,10381.84,3,9.38,
1/23/2025 3:47:48,17:10:37,3,3.76,3337,10388.21,2,6.37,
1/23/2025 3:48:48,17:11:37,3,3.76,3345,10413.21,8,25.00,
1/23/2025 3:49:48,17:12:37,3,3.76,3345,10413.21,0,0.00,
1/23/2025 3:50:48,17:13:37,3,3.76,3345,10413.21,0,0.00,
1/23/2025 3:51:48,17:14:37,3,3.76,3345,10413.21,0,0.00,
1/23/2025 3:52:48,17:15:37,3,3.75,3345,10413.21,0,0.00,
1/23/2025 3:53:48,17:16:37,3,3.76,3345,10413.21,0,0.00,
1/23/2025 3:54:48,17:17:37,3,3.76,3345,10413.21,0,0.00,
1/23/2025 3:55:48,17:18:37,3,3.76,3346,10416.33,1,3.12,
1/23/2025 3:56:48,17:19:37,3,3.76,3346,10416.33,0,0.00,
1/23/2025 3:57:48,17:20:37,3,3.75,3347,10419.46,1,3.13,
1/23/2025 3:58:48,17:21:37,3,3.75,3351,10431.96,4,12.50,
1/23/2025 3:59:48,17:22:37,3,3.77,3352,10435.08,1,3.12,
1/23/2025 4:00:48,17:23:37,3,3.75,3352,10435.08,0,0.00,
1/23/2025 4:01:48,17:24:37,3,3.74,3352,10435.08,0,0.00,
1/23/2025 4:02:48,17:25:37,3,3.75,3357,10450.70,5,15.62,
1/23/2025 4:03:50,17:26:38,3,3.76,3360,10460.08,3,9.38,
1/23/2025 4:04:49,17:27:38,3,3.76,3366,10478.82,6,18.74,
1/23/2025 4:05:49,17:28:38,3,3.76,3366,10478.82,0,0.00,
1/23/2025 4:06:49,17:29:38,3,3.76,3366,10478.82,0,0.00,
1/23/2025 4:07:49,17:30:38,3,3.76,3367,10481.94,1,3.12,
1/23/2025 4:08:49,17:31:38,3,3.76,3368,10485.07,1,3.12,
1/23/2025 4:09:49,17:32:38,3,3.76,3368,10485.07,0,0.00,
1/23/2025 4:10:49,17:33:38,3,3.76,3368,10485.07,0,0.00,
1/23/2025 4:11:49,17:34:38,3,3.76,3368,10485.07,0,0.00,
1/23/2025 4:12:49,17:35:38,3,3.76,3369,10488.19,1,3.12,
1/23/2025 4:13:49,17:36:38,3,3.76,3369,10488.19,0,0.00,
1/23/2025 4:14:49,17:37:38,3,3.76,3369,10488.19,0,0.00,
1/23/2025 4:15:49,17:38:38,3,3.76,3370,10491.32,1,3.13,
1/23/2025 4:16:49,17:39:38,3,3.76,3377,10511.84,7,20.52,
1/23/2025 4:17:49,17:40:38,3,3.75,3377,10511.84,0,0.00,
1/23/2025 4:18:49,17:41:38,3,3.75,3377,10511.84,0,0.00,
1/23/2025 4:19:49,17:42:38,3,3.75,3377,10511.84,0,0.00,
1/23/2025 4:20:49,17:43:38,3,3.76,3377,10511.84,0,0.00,
1/23/2025 4:21:49,17:44:38,3,3.76,3377,10511.84,0,0.00,
1/23/2025 4:22:49,17:45:38,3,3.76,3377,10511.84,0,0.00,
1/23/2025 4:23:49,17:46:38,3,3.76,3377,10511.84,0,0.00,
1/23/2025 4:24:49,17:47:38,3,3.76,3377,10511.84,0,0.00,
1/23/2025 4:25:49,17:48:38,3,3.76,3377,10511.84,0,0.00,
1/23/2025 4:26:49,17:49:38,3,3.75,3377,10511.84,0,0.00,
1/23/2025 4:27:49,17:50:38,3,3.75,3377,10511.84,0,0.00,
1/23/2025 4:28:49,17:51:38,3,3.76,3377,10511.84,0,0.00,
1/23/2025 4:29:49,17:52:38,3,3.75,3377,10511.84,0,0.00,
1/23/2025 4:30:49,17:53:38,3,3.74,3377,10511.84,0,0.00,
1/23/2025 4:31:49,17:54:38,3,3.76,3377,10511.84,0,0.00,
1/23/2025 4:32:49,17:55:38,3,3.76,3377,10511.84,0,0.00,
1/23/2025 4:33:49,17:56:38,3,3.76,3377,10511.84,0,0.00,
1/23/2025 4:34:49,17:57:38,3,3.75,3377,10511.84,0,0.00,
1/23/2025 4:35:49,17:58:38,3,3.75,3377,10511.84,0,0.00,
1/23/2025 4:36:49,17:59:38,3,3.75,3377,10511.84,0,0.00,
1/23/2025 4:37:49,18:0:38,3,3.76,3377,10511.84,0,0.00,
1/23/2025 4:38:49,18:1:38,3,3.76,3377,10511.84,0,0.00,
1/23/2025 4:39:49,18:2:38,3,3.75,3377,10511.84,0,0.00,
1/23/2025 4:40:49,18:3:38,3,3.75,3377,10511.84,0,0.00,
1/23/2025 4:41:49,18:4:38,3,3.76,3377,10511.84,0,0.00,
1/23/2025 4:42:49,18:5:38,3,3.75,3377,10511.84,0,0.00,
1/23/2025 4:43:49,18:6:38,3,3.76,3377,10511.84,0,0.00,
1/23/2025 4:44:49,18:7:38,3,3.75,3377,10511.84,0,0.00,
1/23/2025 4:45:49,18:8:38,3,3.76,3378,10514.96,1,3.12,
1/23/2025 4:46:49,18:9:38,3,3.76,3378,10514.96,0,0.00,
1/23/2025 4:47:49,18:10:38,3,3.75,3378,10514.96,0,0.00,
1/23/2025 4:48:49,18:11:38,3,3.76,3378,10514.96,0,0.00,
1/23/2025 4:49:49,18:12:38,3,3.76,3378,10514.96,0,0.00,
1/23/2025 4:50:49,18:13:38,3,3.75,3379,10518.09,1,3.12,
1/23/2025 4:51:49,18:14:38,3,3.76,3379,10518.09,0,0.00,
1/23/2025 4:52:49,18:15:38,3,3.75,3379,10518.09,0,0.00,
1/23/2025 4:53:49,18:16:38,3,3.75,3379,10518.09,0,0.00,
1/23/2025 4:54:49,18:17:38,3,3.76,3379,10518.09,0,0.00,
1/23/2025 4:55:49,18:18:38,3,3.75,3379,10518.09,0,0.00,
1/23/2025 4:56:49,18:19:38,3,3.75,3381,10524.34,2,6.25,
1/23/2025 4:57:49,18:20:38,3,3.75,3381,10524.34,0,0.00,
1/23/2025 4:58:49,18:21:38,3,3.74,3381,10524.34,0,0.00,
1/23/2025 4:59:49,18:22:38,3,3.75,3381,10524.34,0,0.00,
1/23/2025 5:00:49,18:23:38,3,3.74,3381,10524.34,0,0.00,
1/23/2025 5:01:48,18:24:38,3,3.75,3381,10524.34,0,0.00,
1/23/2025 5:02:49,18:25:38,3,3.76,3381,10524.34,0,0.00,
1/23/2025 5:03:49,18:26:38,3,3.74,3381,10524.34,0,0.00,
1/23/2025 5:04:49,18:27:38,3,3.74,3381,10524.34,0,0.00,
1/23/2025 5:05:49,18:28:38,3,3.74,3381,10524.34,0,0.00,
1/23/2025 5:06:49,18:29:38,3,3.74,3381,10524.34,0,0.00,
1/23/2025 5:07:49,18:30:38,3,3.75,3381,10524.34,0,0.00,
1/23/2025 5:08:48,18:31:38,3,3.74,3381,10524.34,0,0.00,
1/23/2025 5:09:48,18:32:38,3,3.74,3383,10530.58,2,6.24,
1/23/2025 5:10:50,18:33:39,3,3.74,3386,10539.95,3,9.37,
1/23/2025 5:11:49,18:34:39,3,3.74,3388,10546.21,2,6.26,
1/23/2025 5:12:50,18:35:39,3,3.75,3388,10546.21,0,0.00,
1/23/2025 5:13:50,18:36:39,3,3.75,3388,10546.21,0,0.00,
1/23/2025 5:14:50,18:37:39,3,3.76,3388,10546.21,0,0.00,
1/23/2025 5:15:50,18:38:39,3,3.75,3388,10546.21,0,0.00,
1/23/2025 5:16:50,18:39:39,3,3.75,3388,10546.21,0,0.00,
1/23/2025 5:17:50,18:40:39,3,3.74,3388,10546.21,0,0.00,
1/23/2025 5:18:49,18:41:39,3,3.74,3388,10546.21,0,0.00,
1/23/2025 5:19:50,18:42:39,3,3.74,3388,10546.21,0,0.00,
1/23/2025 5:20:50,18:43:39,3,3.75,3388,10546.21,0,0.00,
1/23/2025 5:21:49,18:44:39,3,3.75,3391,10555.58,3,9.37,
1/23/2025 5:22:50,18:45:39,3,3.74,3393,10561.83,2,6.25,
1/23/2025 5:23:50,18:46:39,3,3.75,3395,10568.08,2,6.25,
1/23/2025 5:24:50,18:47:39,3,3.74,3395,10568.08,0,0.00,
1/23/2025 5:25:49,18:48:39,3,3.76,3395,10568.08,0,0.00,
1/23/2025 5:26:50,18:49:39,3,3.76,3395,10568.08,0,0.00,
1/23/2025 5:27:50,18:50:39,3,3.74,3399,10580.65,4,12.57,
1/23/2025 5:28:49,18:51:39,3,3.76,3399,10580.65,0,0.00,
1/23/2025 5:29:50,18:52:39,3,3.74,3401,10586.89,2,6.25,
1/23/2025 5:30:49,18:53:39,3,3.74,3401,10586.89,0,0.00,
1/23/2025 5:31:50,18:54:39,3,3.76,3403,10593.14,2,6.24,
1/23/2025 5:32:49,18:55:39,3,3.75,3403,10593.14,0,0.00,
1/23/2025 5:33:50,18:56:39,3,3.74,3408,10608.75,5,15.62,
1/23/2025 5:34:49,18:57:39,3,3.74,3410,10615.00,2,6.25,
1/23/2025 5:35:49,18:58:39,3,3.75,3410,10615.00,0,0.00,
1/23/2025 5:36:49,18:59:39,3,3.74,3411,10618.12,1,3.12,
1/23/2025 5:37:49,19:0:39,3,3.75,3411,10618.12,0,0.00,
1/23/2025 5:38:49,19:1:39,3,3.75,3412,10621.25,1,3.12,
1/23/2025 5:39:50,19:2:39,3,3.74,3413,10624.46,1,3.21,
1/23/2025 5:40:50,19:3:39,3,3.75,3414,10627.58,1,3.12,
1/23/2025 5:41:49,19:4:39,3,3.74,3422,10652.64,8,25.06,
1/23/2025 5:42:50,19:5:39,3,3.74,3427,10668.28,5,15.64,
1/23/2025 5:43:50,19:6:39,3,3.76,3431,10680.77,4,12.49,
1/23/2025 5:44:51,19:7:40,3,3.74,3437,10699.51,6,18.74,
1/23/2025 5:45:51,19:8:40,3,3.75,3447,10730.73,10,31.22,
1/23/2025 5:46:51,19:9:40,3,3.76,3451,10743.35,4,12.62,
1/23/2025 5:47:50,19:10:40,3,3.75,3456,10758.96,5,15.61,
1/23/2025 5:48:50,19:11:40,3,3.74,3456,10758.96,0,0.00,
1/23/2025 5:49:51,19:12:40,3,3.75,3456,10758.96,0,0.00,
1/23/2025 5:50:50,19:13:40,3,3.76,3456,10758.96,0,0.00,
1/23/2025 5:51:50,19:14:40,3,3.75,3456,10758.96,0,0.00,
1/23/2025 5:52:51,19:15:40,3,3.75,3456,10758.96,0,0.00,
1/23/2025 5:53:50,19:16:40,3,3.74,3456,10758.96,0,0.00,
1/23/2025 5:54:50,19:17:40,3,3.74,3457,10761.15,1,2.19,
1/23/2025 5:55:50,19:18:40,3,3.75,3457,10761.15,0,0.00,
1/23/2025 5:56:51,19:19:40,3,3.75,3457,10761.15,0,0.00,
1/23/2025 5:57:50,19:20:40,3,3.76,3457,10761.15,0,0.00,
1/23/2025 5:58:50,19:21:40,3,3.74,3457,10761.15,0,0.00,
1/23/2025 5:59:50,19:22:40,3,3.75,3458,10764.27,1,3.12,
1/23/2025 6:00:50,19:23:40,3,3.75,3459,10767.40,1,3.12,
1/23/2025 6:01:50,19:24:40,3,3.75,3460,10770.58,1,3.18,
1/23/2025 6:02:50,19:25:40,3,3.74,3460,10770.58,0,0.00,
1/23/2025 6:03:51,19:26:40,3,3.75,3460,10770.58,0,0.00,
1/23/2025 6:04:50,19:27:40,3,3.75,3460,10770.58,0,0.00,
1/23/2025 6:05:50,19:28:40,3,3.74,3461,10773.70,1,3.12,
1/23/2025 6:06:51,19:29:40,3,3.75,3463,10780.09,2,6.39,
1/23/2025 6:07:50,19:30:40,3,3.74,3463,10780.09,0,0.00,
1/23/2025 6:08:50,19:31:40,3,3.74,3463,10780.09,0,0.00,
1/23/2025 6:09:50,19:32:40,3,3.74,3463,10780.09,0,0.00,
1/23/2025 6:10:50,19:33:40,3,3.75,3463,10780.09,0,0.00,
1/23/2025 6:11:50,19:34:40,3,3.74,3463,10780.09,0,0.00,
1/23/2025 6:12:50,19:35:40,3,3.75,3463,10780.09,0,0.00,
1/23/2025 6:13:50,19:36:40,3,3.74,3464,10783.22,1,3.12,
1/23/2025 6:14:50,19:37:40,3,3.74,3465,10786.34,1,3.13,
1/23/2025 6:15:51,19:38:40,3,3.74,3465,10786.34,0,0.00,
1/23/2025 6:16:50,19:39:40,3,3.74,3466,10789.47,1,3.12,
1/23/2025 6:17:50,19:40:40,3,3.76,3466,10789.47,0,0.00,
1/23/2025 6:18:51,19:41:40,3,3.75,3466,10789.47,0,0.00,
1/23/2025 6:19:50,19:42:40,3,3.74,3466,10789.47,0,0.00,
1/23/2025 6:20:50,19:43:40,3,3.76,3466,10789.47,0,0.00,
1/23/2025 6:21:50,19:44:40,3,3.75,3466,10789.47,0,0.00,
1/23/2025 6:22:50,19:45:40,3,3.75,3466,10789.47,0,0.00,
1/23/2025 6:23:50,19:46:40,3,3.75,3468,10795.80,2,6.33,
1/23/2025 6:24:50,19:47:40,3,3.74,3470,10802.04,2,6.25,
1/23/2025 6:25:50,19:48:40,3,3.75,3471,10805.17,1,3.12,
1/23/2025 6:26:50,19:49:40,3,3.74,3473,10811.41,2,6.25,
1/23/2025 6:27:51,19:50:40,3,3.74,3477,10824.01,4,12.60,
1/23/2025 6:28:50,19:51:40,3,3.74,3477,10824.01,0,0.00,
1/23/2025 6:29:50,19:52:40,3,3.74,3477,10824.01,0,0.00,
1/23/2025 6:30:50,19:53:40,3,3.75,3480,10833.50,3,9.49,
1/23/2025 6:31:50,19:54:40,3,3.76,3480,10833.50,0,0.00,
1/23/2025 6:32:50,19:55:40,3,3.74,3480,10833.50,0,0.00,
1/23/2025 6:33:50,19:56:40,3,3.75,3481,10836.62,1,3.12,
1/23/2025 6:34:50,19:57:40,3,3.74,3481,10836.62,0,0.00,
1/23/2025 6:35:50,19:58:40,3,3.74,3482,10839.74,1,3.12,
1/23/2025 6:36:50,19:59:40,3,3.74,3482,10839.74,0,0.00,
1/23/2025 6:37:50,20:0:40,3,3.74,3482,10839.74,0,0.00,
1/23/2025 6:38:50,20:1:40,3,3.74,3482,10839.74,0,0.00,
1/23/2025 6:39:50,20:2:40,3,3.74,3482,10839.74,0,0.00,
1/23/2025 6:40:50,20:3:40,3,3.75,3482,10839.74,0,0.00,
1/23/2025 6:41:50,20:4:40,3,3.74,3482,10839.74,0,0.00,
1/23/2025 6:42:50,20:5:40,3,3.75,3482,10839.74,0,0.00,
1/23/2025 6:43:50,20:6:40,3,3.74,3482,10839.74,0,0.00,
1/23/2025 6:44:50,20:7:40,3,3.75,3482,10839.74,0,0.00,
1/23/2025 6:45:50,20:8:40,3,3.75,3485,10849.11,3,9.37,
1/23/2025 6:46:50,20:9:40,3,3.75,3488,10858.49,3,9.37,
1/23/2025 6:47:50,20:10:40,3,3.75,3489,10861.61,1,3.12,
1/23/2025 6:48:50,20:11:40,3,3.74,3491,10868.02,2,6.41,
1/23/2025 6:49:50,20:12:40,3,3.74,3491,10868.02,0,0.00,
1/23/2025 6:50:50,20:13:40,3,3.74,3491,10868.02,0,0.00,
1/23/2025 6:51:50,20:14:40,3,3.74,3491,10868.02,0,0.00,
1/23/2025 6:52:50,20:15:40,3,3.74,3491,10868.02,0,0.00,
1/23/2025 6:53:50,20:16:40,3,3.75,3491,10868.02,0,0.00,
1/23/2025 6:54:50,20:17:40,3,3.74,3493,10874.26,2,6.25,
1/23/2025 6:55:50,20:18:40,3,3.74,3493,10874.26,0,0.00,
1/23/2025 6:56:50,20:19:40,3,3.75,3501,10899.28,8,25.02,
1/23/2025 6:57:50,20:20:40,3,3.74,3505,10911.87,4,12.59,
1/23/2025 6:58:51,20:21:41,3,3.76,3515,10943.09,10,31.21,
1/23/2025 6:59:52,20:22:42,3,3.75,3524,10971.18,9,28.09,
1/23/2025 7:00:52,20:23:42,3,3.74,3532,10996.15,8,24.97,
1/23/2025 7:01:52,20:24:42,3,3.75,3541,11024.25,9,28.09,
1/23/2025 7:02:52,20:25:42,3,3.74,3548,11044.90,7,20.65,
1/23/2025 7:03:52,20:26:42,3,3.74,3550,11051.15,2,6.25,
1/23/2025 7:04:52,20:27:42,3,3.75,3560,11082.37,10,31.23,
1/23/2025 7:05:52,20:28:42,3,3.74,3567,11102.98,7,20.61,
1/23/2025 7:06:53,20:29:43,3,3.75,3577,11133.82,10,30.84,
1/23/2025 7:07:53,20:30:43,3,3.76,3583,11152.56,6,18.74,
1/23/2025 7:08:53,20:31:43,3,3.76,3586,11162.05,3,9.48,
1/23/2025 7:09:53,20:32:43,3,3.75,3591,11177.25,5,15.21,
1/23/2025 7:10:53,20:33:43,3,3.74,3593,11183.57,2,6.32,
1/23/2025 7:11:53,20:34:43,3,3.75,3593,11183.57,0,0.00,
1/23/2025 7:12:53,20:35:43,3,3.74,3595,11189.82,2,6.25,
1/23/2025 7:13:53,20:36:43,3,3.74,3597,11196.07,2,6.25,
1/23/2025 7:14:53,20:37:43,3,3.74,3604,11217.24,7,21.17,
1/23/2025 7:15:53,20:38:43,3,3.75,3606,11223.50,2,6.26,
1/23/2025 7:16:53,20:39:43,3,3.74,3611,11239.12,5,15.61,
1/23/2025 7:17:53,20:40:43,3,3.74,3614,11248.50,3,9.38,
1/23/2025 7:18:53,20:41:43,3,3.75,3614,11248.50,0,0.00,
1/23/2025 7:19:53,20:42:43,3,3.75,3617,11257.87,3,9.37,
1/23/2025 7:20:53,20:43:43,3,3.74,3617,11257.87,0,0.00,
1/23/2025 7:21:53,20:44:43,3,3.74,3617,11257.87,0,0.00,
1/23/2025 7:22:53,20:45:43,3,3.75,3617,11257.87,0,0.00,
1/23/2025 7:23:53,20:46:43,3,3.74,3618,11261.11,1,3.24,
1/23/2025 7:24:53,20:47:43,3,3.75,3618,11261.11,0,0.00,
1/23/2025 7:25:53,20:48:43,3,3.74,3618,11261.11,0,0.00,
1/23/2025 7:26:53,20:49:43,3,3.74,3618,11261.11,0,0.00,
1/23/2025 7:27:53,20:50:43,3,3.73,3618,11261.11,0,0.00,
1/23/2025 7:28:53,20:51:43,3,3.74,3618,11261.11,0,0.00,
1/23/2025 7:29:53,20:52:43,3,3.73,3618,11261.11,0,0.00,
1/23/2025 7:30:53,20:53:43,3,3.74,3618,11261.11,0,0.00,
1/23/2025 7:31:53,20:54:43,3,3.74,3618,11261.11,0,0.00,
1/23/2025 7:32:53,20:55:43,3,3.74,3618,11261.11,0,0.00,
1/23/2025 7:33:52,20:56:43,3,3.73,3618,11261.11,0,0.00,
1/23/2025 7:34:53,20:57:43,3,3.74,3618,11261.11,0,0.00,
1/23/2025 7:35:53,20:58:43,3,3.75,3618,11261.11,0,0.00,
1/23/2025 7:36:53,20:59:43,3,3.75,3618,11261.11,0,0.00,
1/23/2025 7:37:53,21:0:43,3,3.74,3618,11261.11,0,0.00,
1/23/2025 7:38:53,21:1:43,3,3.74,3618,11261.11,0,0.00,
1/23/2025 7:39:53,21:2:43,3,3.75,3618,11261.11,0,0.00,
1/23/2025 7:40:53,21:3:43,3,3.74,3621,11270.48,3,9.37,
1/23/2025 7:41:52,21:4:43,3,3.74,3621,11270.48,0,0.00,
1/23/2025 7:42:53,21:5:43,3,3.74,3621,11270.48,0,0.00,
1/23/2025 7:43:53,21:6:43,3,3.74,3622,11273.60,1,3.12,
1/23/2025 7:44:53,21:7:43,3,3.74,3622,11273.60,0,0.00,
1/23/2025 7:45:53,21:8:43,3,3.74,3623,11276.72,1,3.12,
1/23/2025 7:46:53,21:9:43,3,3.74,3630,11298.58,7,21.86,
1/23/2025 7:47:52,21:10:43,3,3.74,3630,11298.58,0,0.00,
1/23/2025 7:48:53,21:11:43,3,3.74,3630,11298.58,0,0.00,
1/23/2025 7:49:53,21:12:43,3,3.74,3631,11301.71,1,3.12,
1/23/2025 7:50:53,21:13:43,3,3.74,3631,11301.71,0,0.00,
1/23/2025 7:51:52,21:14:43,3,3.74,3631,11301.71,0,0.00,
1/23/2025 7:52:52,21:15:43,3,3.74,3636,11317.32,5,15.61,
1/23/2025 7:53:53,21:16:43,3,3.74,3637,11320.44,1,3.12,
1/23/2025 7:54:52,21:17:43,3,3.74,3637,11320.44,0,0.00,
1/23/2025 7:55:53,21:18:43,3,3.74,3637,11320.44,0,0.00,
1/23/2025 7:56:53,21:19:43,3,3.73,3637,11320.44,0,0.00,
1/23/2025 7:57:53,21:20:43,3,3.75,3643,11339.18,6,18.74,
1/23/2025 7:58:52,21:21:43,3,3.73,3652,11367.40,9,28.22,
1/23/2025 7:59:54,21:22:44,3,3.74,3663,11401.79,11,34.39,
1/23/2025 8:00:54,21:23:44,3,3.74,3669,11420.52,6,18.74,
1/23/2025 8:01:54,21:24:44,3,3.74,3678,11448.63,9,28.11,
1/23/2025 8:02:54,21:25:44,3,3.74,3685,11470.50,7,21.87,
1/23/2025 8:03:54,21:26:44,3,3.75,3696,11504.84,11,34.35,
1/23/2025 8:04:53,21:27:44,3,3.74,3705,11532.36,9,27.52,
1/23/2025 8:05:54,21:28:44,3,3.74,3714,11560.48,9,28.12,
1/23/2025 8:06:54,21:29:44,3,3.74,3725,11594.94,11,34.46,
1/23/2025 8:07:53,21:30:44,3,3.75,3735,11626.15,10,31.21,
1/23/2025 8:08:54,21:31:45,3,3.75,3747,11663.84,12,37.69,
1/23/2025 8:09:55,21:32:45,3,3.74,3756,11692.00,9,28.17,
1/23/2025 8:10:54,21:33:45,3,3.74,3766,11723.22,10,31.21,
1/23/2025 8:11:54,21:34:45,3,3.75,3777,11757.54,11,34.33,
1/23/2025 8:12:55,21:35:46,3,3.74,3781,11770.03,4,12.48,
1/23/2025 8:13:56,21:36:46,3,3.74,3788,11792.01,7,21.98,
1/23/2025 8:14:56,21:37:46,3,3.74,3790,11798.25,2,6.24,
1/23/2025 8:15:56,21:38:46,3,3.74,3791,11801.37,1,3.12,
1/23/2025 8:16:55,21:39:46,3,3.73,3792,11804.49,1,3.12,
1/23/2025 8:17:56,21:40:46,3,3.74,3796,11816.98,4,12.48,
1/23/2025 8:18:55,21:41:46,3,3.74,3797,11820.10,1,3.12,
1/23/2025 8:19:55,21:42:46,3,3.73,3797,11820.10,0,0.00,
1/23/2025 8:20:56,21:43:46,3,3.74,3798,11823.22,1,3.12,
1/23/2025 8:21:55,21:44:46,3,3.74,3807,11851.44,9,28.22,
1/23/2025 8:22:56,21:45:47,3,3.74,3814,11873.35,7,21.91,
1/23/2025 8:23:57,21:46:47,3,3.73,3821,11895.29,7,21.94,
1/23/2025 8:24:57,21:47:47,3,3.74,3828,11917.26,7,21.97,
1/23/2025 8:25:56,21:48:47,3,3.74,3828,11917.26,0,0.00,
1/23/2025 8:26:56,21:49:47,3,3.74,3830,11923.62,2,6.36,
1/23/2025 8:27:56,21:50:47,3,3.74,3834,11936.11,4,12.49,
1/23/2025 8:28:56,21:51:47,3,3.74,3835,11939.31,1,3.20,
1/23/2025 8:29:56,21:52:47,3,3.75,3841,11958.03,6,18.72,
1/23/2025 8:30:56,21:53:47,3,3.74,3842,11961.15,1,3.12,
1/23/2025 8:31:56,21:54:47,3,3.74,3846,11973.64,4,12.48,
1/23/2025 8:32:56,21:55:47,3,3.74,3849,11983.06,3,9.43,
1/23/2025 8:33:56,21:56:47,3,3.73,3851,11989.30,2,6.24,
1/23/2025 8:34:57,21:57:47,3,3.74,3852,11992.42,1,3.12,
1/23/2025 8:35:57,21:58:48,3,3.74,3854,11998.67,2,6.24,
1/23/2025 8:36:58,21:59:48,3,3.74,3864,12029.98,10,31.31,
1/23/2025 8:37:58,22:0:49,3,3.74,3875,12064.44,11,34.46,
1/23/2025 8:38:58,22:1:49,3,3.74,3885,12095.71,10,31.27,
1/23/2025 8:39:58,22:2:49,3,3.74,3895,12127.04,10,31.33,
1/23/2025 8:40:59,22:3:49,3,3.73,3906,12161.16,11,34.12,
1/23/2025 8:41:58,22:4:49,3,3.74,3917,12195.46,11,34.30,
1/23/2025 8:42:58,22:5:49,3,3.75,3927,12226.88,10,31.42,
1/23/2025 8:43:58,22:6:49,3,3.74,3937,12258.06,10,31.18,
1/23/2025 8:44:59,22:7:49,3,3.74,3946,12286.22,9,28.16,
1/23/2025 8:45:59,22:8:50,3,3.75,3956,12317.41,10,31.19,
1/23/2025 8:46:59,22:9:50,3,3.74,3966,12348.66,10,31.25,
1/23/2025 8:48:01,22:10:51,3,3.74,3974,12373.61,8,24.95,
1/23/2025 8:49:00,22:11:51,3,3.74,3984,12404.81,10,31.19,
1/23/2025 8:50:00,22:12:51,3,3.74,3990,12423.66,6,18.85,
1/23/2025 8:51:00,22:13:51,3,3.73,3999,12451.74,9,28.08,
1/23/2025 8:52:00,22:14:51,3,3.74,4010,12486.14,11,34.40,
1/23/2025 8:53:00,22:15:51,3,3.74,4020,12517.33,10,31.18,
1/23/2025 8:54:01,22:16:51,3,3.74,4027,12539.16,7,21.83,
1/23/2025 8:55:00,22:17:51,3,3.74,4033,12557.87,6,18.72,
1/23/2025 8:56:00,22:18:51,3,3.73,4035,12564.11,2,6.24,
1/23/2025 8:57:02,22:19:52,3,3.74,4041,12582.90,6,18.78,
1/23/2025 8:58:01,22:20:52,3,3.74,4043,12589.14,2,6.24,
1/23/2025 8:59:01,22:21:52,3,3.74,4046,12598.50,3,9.36,
1/23/2025 9:00:02,22:22:52,3,3.73,4055,12626.61,9,28.11,
